create database db1;
use db1;
select attr_name, attr_value from information_schema.query_attributes where id = connection_id();
attr_name	attr_value
a	b
select attr_name, attr_value from information_schema.query_attributes where id = connection_id();
attr_name	attr_value
b	a
a	b
select attr_name, attr_value from information_schema.query_attributes where id = connection_id();
attr_name	attr_value
select attr_name, attr_value from information_schema.query_attributes where id = connection_id();
attr_name	attr_value
b	a
select attr_name, attr_value from information_schema.query_attributes where id = connection_id();
attr_name	attr_value
drop database db1;
