CREATE TABLE t1(x VARCHAR(1000));
insert into t1 values (REPEAT("xyz", 100));
insert into t1 select t1.* from t1, t1 t12, t1 t13, t1 t14;
insert into t1 select t1.* from t1, t1 t12, t1 t13, t1 t14;
insert into t1 select t1.* from t1, t1 t12, t1 t13, t1 t14;
SELECT * FROM t1 INTO OUTFILE 'OUTPUT_FILE';;
SELECT * FROM t1 INTO OUTFILE 'OUTPUT_FILE_ZSTD' COMPRESSED;;
truncate table t1;
LOAD DATA LOCAL INFILE 'INPUT_FILE' INTO TABLE t1;;
SELECT * FROM t1 INTO OUTFILE 'OUTPUT_FILE_ZSTD2' COMPRESSED;;
truncate table t1;
SELECT * FROM t1 INTO OUTFILE 'OUTPUT_FILE_ZSTD3' COMPRESSED;;
0
create table t10(x varchar(5001));
LOAD DATA LOCAL INFILE 'INPUT_FILE_BIG_ROW' INTO TABLE t10;;
SELECT * FROM t10 INTO OUTFILE 'OUTPUT_FILE_ZSTD_BIG_ROW' COMPRESSED;;
DROP TABLE t1, t10;
