CREATE TABLE `link_table` (
`id1` bigint(20) unsigned NOT NULL DEFAULT '0' ,
`id1_type` int(10) unsigned NOT NULL DEFAULT '0' ,
`id2` bigint(20) unsigned NOT NULL DEFAULT '0' ,
`id2_type` int(10) unsigned NOT NULL DEFAULT '0' ,
`link_type` bigint(20) unsigned NOT NULL DEFAULT '0' ,
`visibility` tinyint(3) NOT NULL DEFAULT '0' ,
`data` varchar(255) COLLATE latin1_bin NOT NULL DEFAULT '' ,
`time` int(10) unsigned NOT NULL DEFAULT '0' ,
`version` bigint(20) unsigned NOT NULL DEFAULT '0' ,
PRIMARY KEY (`link_type` , `id1` , `id2`) COMMENT 'cf_link' ,
KEY `id1_type` (`id1` , `link_type` , `visibility` , `time` , `id2` ,
`version` , `data`) COMMENT 'rev:cf_link_id1_type'
) ENGINE=ROCKSDB DEFAULT CHARSET=latin1 COLLATE=latin1_bin
ROW_FORMAT=COMPRESSED KEY_BLOCK_SIZE=8;
CREATE TABLE `link_table2` (
`id1` bigint(20) unsigned NOT NULL DEFAULT '0' ,
`id1_type` int(10) unsigned NOT NULL DEFAULT '0' ,
`id2` bigint(20) unsigned NOT NULL DEFAULT '0' ,
`id2_type` int(10) unsigned NOT NULL DEFAULT '0' ,
`link_type` bigint(20) unsigned NOT NULL DEFAULT '0' ,
`visibility` tinyint(3) NOT NULL DEFAULT '0' ,
`data` varchar(255) COLLATE latin1_bin NOT NULL DEFAULT '' ,
`time` int(10) unsigned NOT NULL DEFAULT '0' ,
`version` bigint(20) unsigned NOT NULL DEFAULT '0' ,
PRIMARY KEY (`link_type` , `id1` , `id2`)
COMMENT 'cf_link' ,
KEY `id1_type` (`id1` , `link_type` , `visibility` , `time` , `id2` ,
`version` , `data`) COMMENT 'cf_link_id1_type'
) ENGINE=ROCKSDB DEFAULT CHARSET=latin1 COLLATE=latin1_bin
ROW_FORMAT=COMPRESSED KEY_BLOCK_SIZE=9;
insert into link_table values (1, 1, 1, 2, 3, 4, 'a10', 10, 125);
insert into link_table values (1, 1, 2, 2, 3, 3, 'a10', 10, 125);
insert into link_table values (1, 1, 3, 2, 3, 4, 'a11', 11, 125);
insert into link_table values (1, 1, 4, 2, 3, 4, 'a11', 11, 125);
insert into link_table values (1, 1, 5, 2, 3, 3, 'a12', 12, 125);
insert into link_table values (1, 1, 6, 2, 3, 4, 'a12', 12, 125);
insert into link_table values (1, 1, 7, 2, 3, 4, 'a12', 12, 125);
insert into link_table values (1, 1, 8, 2, 3, 4, 'a13', 13, 125);
insert into link_table values (1, 1, 9, 2, 3, 4, 'a14', 14, 125);
insert into link_table values (1, 1, 10, 2, 3, 4, 'a15', 15, 125);
insert into link_table values (2, 1, 1, 2, 3, 4, 'a10', 10, 125);
insert into link_table values (2, 1, 2, 2, 3, 4, 'a10', 10, 125);
insert into link_table values (2, 1, 3, 2, 3, 4, 'a11', 11, 125);
insert into link_table values (2, 1, 4, 2, 3, 4, 'a11', 11, 125);
insert into link_table values (2, 1, 5, 2, 3, 4, 'a12', 12, 125);
insert into link_table values (2, 1, 6, 2, 3, 4, 'a12', 12, 125);
insert into link_table values (2, 1, 7, 2, 3, 4, 'a12', 12, 125);
insert into link_table values (2, 1, 8, 2, 3, 4, 'a13', 13, 125);
insert into link_table values (2, 1, 9, 2, 3, 4, 'a14', 14, 125);
insert into link_table values (2, 1, 10, 2, 3, 4, 'a15', 15, 125);
insert into link_table values (2, 1, 1, 2, 4, 4, 'a10', 10, 125);
insert into link_table values (2, 1, 2, 2, 4, 4, 'a10', 10, 125);
insert into link_table values (2, 1, 3, 2, 4, 4, 'a11', 11, 125);
insert into link_table values (2, 1, 4, 2, 4, 4, 'a11', 11, 125);
insert into link_table values (2, 1, 5, 2, 4, 4, 'a12', 12, 125);
insert into link_table values (2, 1, 6, 2, 4, 4, 'a12', 12, 125);
insert into link_table values (2, 1, 7, 2, 4, 4, 'a12', 12, 125);
insert into link_table values (2, 1, 8, 2, 4, 4, 'a13', 13, 125);
insert into link_table values (2, 1, 9, 2, 4, 4, 'a14', 14, 125);
insert into link_table values (2, 1, 10, 2, 4, 4, 'a15', 15, 125);
insert into link_table values (3, 1, 10, 2, 3, 4, 'a10', 10, 125);
insert into link_table values (3, 1, 9, 2, 3, 4, 'a10', 10, 125);
insert into link_table values (3, 1, 8, 2, 3, 4, 'a11', 11, 125);
insert into link_table values (3, 1, 7, 2, 3, 4, 'a11', 11, 125);
insert into link_table values (3, 1, 6, 2, 3, 4, 'a12', 12, 125);
insert into link_table values (3, 1, 5, 2, 3, 4, 'a12', 12, 125);
insert into link_table values (3, 1, 4, 2, 3, 4, 'a12', 12, 125);
insert into link_table values (3, 1, 3, 2, 3, 4, 'a13', 13, 125);
insert into link_table values (3, 1, 2, 2, 3, 4, 'a14', 14, 125);
insert into link_table values (3, 1, 1, 2, 3, 4, 'a15', 15, 125);
insert into link_table values (9, 1, 9, 2, 5, 6, '0  ', 10, 125);
insert into link_table values (9, 1, 8, 2, 5, 6, '01  ', 11, 125);
insert into link_table values (9, 1, 7, 2, 5, 6, '012  ', 11, 125);
insert into link_table values (9, 1, 6, 2, 5, 6, '0123  ', 12, 125);
insert into link_table values (9, 1, 5, 2, 5, 6, '01234  ', 12, 125);
insert into link_table values (9, 1, 4, 2, 5, 6, '012345  ', 12, 125);
insert into link_table values (9, 1, 3, 2, 5, 6, '0123456  ', 13, 125);
insert into link_table values (9, 1, 2, 2, 5, 6, '01234567  ', 14, 125);
insert into link_table values (9, 1, 1, 2, 5, 6, '012345678  ', 15, 125);
insert into link_table values (9, 1, 0, 2, 5, 6, '0123456789  ', 15, 125);
insert into link_table2 select * from link_table;
CREATE TABLE `id_table` (
`id` bigint(20) NOT NULL DEFAULT '0',
`type` int(11) NOT NULL DEFAULT '0',
`row_created_time` int(11) NOT NULL DEFAULT '0',
`hash_key` varchar(255) NOT NULL DEFAULT '',
`is_deleted` tinyint(4) DEFAULT '0',
PRIMARY KEY (`id`),
KEY `type_id` (`type`,`id`)
) ENGINE=ROCKSDB DEFAULT CHARSET=latin1 ROW_FORMAT=COMPRESSED
KEY_BLOCK_SIZE=8;
insert into id_table values (1, 1, 10, '111', 0);
insert into id_table values (2, 1, 10, '111', 1);
insert into id_table values (3, 1, 10, '111', 0);
insert into id_table values (4, 1, 10, '111', 1);
insert into id_table values (5, 1, 10, '111', 0);
insert into id_table values (6, 1, 10, '111', 1);
insert into id_table values (7, 1, 10, '111', 0);
insert into id_table values (8, 1, 10, '111', 1);
insert into id_table values (9, 1, 10, '111', 0);
insert into id_table values (10, 1, 10, '111', 1);
CREATE TABLE `node_table` (
`id` bigint(20) unsigned NOT NULL DEFAULT '0',
`type` int(10) unsigned NOT NULL DEFAULT '0',
`version` bigint(20) unsigned NOT NULL DEFAULT '0',
`update_time` int(10) unsigned NOT NULL DEFAULT '0',
`data` mediumtext COLLATE latin1_bin NOT NULL,
PRIMARY KEY (`type`,`id`) COMMENT 'cf_node_type_id',
KEY `id` (`id`) COMMENT 'cf_node'
) ENGINE=ROCKSDB DEFAULT CHARSET=latin1 COLLATE=latin1_bin
ROW_FORMAT=COMPRESSED KEY_BLOCK_SIZE=8;
insert into node_table values (1, 1, 1, 10, 'data');
insert into node_table values (2, 1, 1, 10, 'data');
insert into node_table values (3, 1, 1, 10, 'data');
insert into node_table values (4, 1, 1, 10, 'data');
insert into node_table values (5, 1, 1, 10, 'data');
insert into node_table values (6, 1, 1, 10, 'data');
insert into node_table values (7, 1, 1, 10, 'data');
insert into node_table values (8, 1, 1, 10, 'data');
insert into node_table values (9, 1, 1, 10, 'data');
insert into node_table values (10, 1, 1, 10, 'data');
CREATE TABLE `count_table` (
`id` bigint(20) unsigned NOT NULL DEFAULT '0',
`type` int(10) unsigned NOT NULL DEFAULT '0',
`link_type` bigint(20) unsigned NOT NULL DEFAULT '0',
`count` int(10) unsigned NOT NULL DEFAULT '0',
`time` int(10) unsigned NOT NULL DEFAULT '0',
`version` bigint(20) unsigned NOT NULL DEFAULT '0',
PRIMARY KEY (`id`,`link_type`) COMMENT 'cf_count_table'
) ENGINE=ROCKSDB DEFAULT CHARSET=latin1 COLLATE=latin1_bin
ROW_FORMAT=COMPRESSED KEY_BLOCK_SIZE=8;
insert into count_table values (2, 1, 1, 1, 10, 20);
insert into count_table values (3, 1, 1, 1, 10, 20);
insert into count_table values (4, 1, 1, 1, 10, 20);
insert into count_table values (5, 1, 1, 1, 10, 20);
insert into count_table values (6, 1, 1, 1, 10, 20);
insert into count_table values (7, 1, 1, 1, 10, 20);
insert into count_table values (8, 1, 1, 1, 10, 20);
insert into count_table values (9, 1, 1, 1, 10, 20);
insert into count_table values (10, 1, 1, 1, 10, 20);
CREATE TABLE `link_table5` (
`id1` bigint(20) unsigned NOT NULL DEFAULT '0',
`id1_type` int(10) unsigned NOT NULL DEFAULT '0',
`id2` bigint(20) unsigned NOT NULL DEFAULT '0',
`id2_type` int(10) unsigned NOT NULL DEFAULT '0',
`link_type` bigint(20) unsigned NOT NULL DEFAULT '0',
`visibility` tinyint(3) NOT NULL DEFAULT '0',
`data` varchar(255) COLLATE latin1_bin NOT NULL DEFAULT '',
`time` int(10) unsigned NOT NULL DEFAULT '0',
`version` bigint(20) unsigned NOT NULL DEFAULT '0',
PRIMARY KEY (`link_type`,`id1`,`id2`) COMMENT 'cf_link'
) ENGINE=ROCKSDB DEFAULT CHARSET=latin1 COLLATE=latin1_bin
ROW_FORMAT=COMPRESSED KEY_BLOCK_SIZE=8;
insert into link_table5 values (1, 1, 2, 2, 1, 1, 'data12', 1, 1);
insert into link_table5 values (1, 1, 3, 2, 1, 2, 'data13', 1, 1);
insert into link_table5 values (1, 1, 4, 2, 1, 2, 'data14', 1, 1);
insert into link_table5 values (1, 1, 5, 2, 1, 1, 'data15', 1, 1);
insert into link_table5 values (2, 1, 1, 2, 1, 1, 'data21', 1, 1);
insert into link_table5 values (2, 1, 2, 2, 1, 1, 'data22', 1, 1);
insert into link_table5 values (2, 1, 3, 2, 1, 1, 'data32', 1, 1);
CREATE TABLE `link_table3` (
`id1` bigint(20) unsigned NOT NULL DEFAULT '0',
`id1_type` int(10) unsigned NOT NULL DEFAULT '0',
`id2` bigint(20) unsigned NOT NULL DEFAULT '0',
`id2_type` int(10) unsigned NOT NULL DEFAULT '0',
`link_type` bigint(20) unsigned NOT NULL DEFAULT '0',
`visibility` tinyint(4) NOT NULL DEFAULT '0',
`data` text COLLATE latin1_bin NOT NULL,
`time` int(10) unsigned NOT NULL DEFAULT '0',
`version` bigint(20) unsigned NOT NULL DEFAULT '0',
PRIMARY KEY (`link_type`,`id1`,`id2`) COMMENT 'cf_link',
KEY `id1_type` (`id1`,`link_type`,`visibility`,`time`,`id2`,`version`)
COMMENT 'rev:cf_link_id1_type'
) ENGINE=ROCKSDB DEFAULT CHARSET=latin1 COLLATE=latin1_bin
ROW_FORMAT=COMPRESSED KEY_BLOCK_SIZE=4;
insert into link_table3 values (1, 1, 2, 2, 1, 1, 'data12', 1, 1);
insert into link_table3 values (1, 1, 3, 2, 1, 2, 'data13', 1, 1);
insert into link_table3 values (1, 1, 4, 2, 1, 2, 'data14', 1, 1);
insert into link_table3 values (1, 1, 5, 2, 1, 1, 'data15', 1, 1);
insert into link_table3 values (2, 1, 1, 2, 1, 1, 'data21', 1, 1);
insert into link_table3 values (2, 1, 2, 2, 1, 1, 'data22', 1, 1);
insert into link_table3 values (2, 1, 3, 2, 1, 1, 'data32', 1, 1);
CREATE TABLE `link_table6` (
`id1` bigint(20) unsigned NOT NULL DEFAULT '0',
`id1_type` int(10) unsigned NOT NULL DEFAULT '0',
`id2` bigint(20) unsigned NOT NULL DEFAULT '0',
`id2_type` int(10) unsigned NOT NULL DEFAULT '0',
`link_type` bigint(20) unsigned NOT NULL DEFAULT '0',
`visibility` tinyint(4) NOT NULL DEFAULT '0',
`data` text COLLATE latin1_bin NOT NULL,
`time` int(10) unsigned NOT NULL DEFAULT '0',
`version` bigint(20) unsigned NOT NULL DEFAULT '0',
PRIMARY KEY (`link_type`,`id1`,`id2`) COMMENT 'cf_link',
KEY `id1_type` (`id1`,`link_type`,`visibility`,`time`,`id2`,`version`,
`data`(255)) COMMENT 'rev:cf_link_id1_type'
) ENGINE=ROCKSDB DEFAULT CHARSET=latin1 COLLATE=latin1_bin
ROW_FORMAT=COMPRESSED KEY_BLOCK_SIZE=4;
insert into link_table6 values (1, 1, 2, 2, 1, 1,
'data12_12345678901234567890123456789012345678901234567890123456789'
  '0123456789012345678901234567890123456789012345678901234567890123456789'
  '0123456789012345678901234567890123456789012345678901234567890123456789'
  '0123456789012345678901234567890123456789012345678901234567890123456789'
  '0123456789012345678901234567890', 1, 1);
insert into link_table6 values (1, 1, 3, 2, 1, 2,
'data13_12345678901234567890123456789012345678901234567890123456789'
  '0123456789012345678901234567890123456789012345678901234567890123456789'
  '0123456789012345678901234567890123456789012345678901234567890123456789'
  '0123456789012345678901234567890123456789012345678901234567890123456789'
  '0123456789012345678901234567890', 1, 1);
insert into link_table6 values (1, 1, 4, 2, 1, 2,
'data14_12345678901234567890123456789012345678901234567890123456789'
  '0123456789012345678901234567890123456789012345678901234567890123456789'
  '0123456789012345678901234567890123456789012345678901234567890123456789'
  '0123456789012345678901234567890123456789012345678901234567890123456789'
  '0123456789012345678901234567890', 1, 1);
insert into link_table6 values (1, 1, 5, 2, 1, 1,
'data15_12345678901234567890123456789012345678901234567890123456789'
  '0123456789012345678901234567890123456789012345678901234567890123456789'
  '0123456789012345678901234567890123456789012345678901234567890123456789'
  '0123456789012345678901234567890123456789012345678901234567890123456789'
  '0123456789012345678901234567890', 1, 1);
insert into link_table6 values (2, 1, 1, 2, 1, 1,
'data21_12345678901234567890123456789012345678901234567890123456789'
  '0123456789012345678901234567890123456789012345678901234567890123456789'
  '0123456789012345678901234567890123456789012345678901234567890123456789'
  '0123456789012345678901234567890123456789012345678901234567890123456789'
  '0123456789012345678901234567890', 1, 1);
insert into link_table6 values (2, 1, 2, 2, 1, 1,
'data22_12345678901234567890123456789012345678901234567890123456789'
  '0123456789012345678901234567890123456789012345678901234567890123456789'
  '0123456789012345678901234567890123456789012345678901234567890123456789'
  '0123456789012345678901234567890123456789012345678901234567890123456789'
  '0123456789012345678901234567890', 1, 1);
insert into link_table6 values (2, 1, 3, 2, 1, 1,
'data32_12345678901234567890123456789012345678901234567890123456789'
  '0123456789012345678901234567890123456789012345678901234567890123456789'
  '0123456789012345678901234567890123456789012345678901234567890123456789'
  '0123456789012345678901234567890123456789012345678901234567890123456789'
  '0123456789012345678901234567890', 1, 1);
CREATE TABLE `link_table4` (
`id1` binary(16) NOT NULL DEFAULT '\0\0\0\0\0\0\0\0\0\0\0\0\0\0\0\0',
`raw_key` text COLLATE latin1_bin,
`id2` bigint(20) unsigned NOT NULL DEFAULT '0',
`id2_type` int(10) unsigned NOT NULL DEFAULT '0',
`link_type` bigint(20) unsigned NOT NULL DEFAULT '0',
`visibility` tinyint(3) NOT NULL DEFAULT '0',
`data` varchar(255) COLLATE latin1_bin NOT NULL DEFAULT '',
`time` int(10) unsigned NOT NULL DEFAULT '0',
`version` bigint(20) unsigned NOT NULL DEFAULT '0',
PRIMARY KEY (`link_type`,`id1`,`id2`) COMMENT 'cf_link',
KEY `id1_type` (`id1`,`link_type`,`visibility`,`time`,`id2`,`version`,`data`)
COMMENT 'rev:cf_link_id1_type'
) ENGINE=ROCKSDB DEFAULT CHARSET=latin1 COLLATE=latin1_bin
ROW_FORMAT=COMPRESSED KEY_BLOCK_SIZE=8;
insert into link_table4 values ('a1', "rk1", 2, 2, 1, 1, 'data12', 1, 1);
insert into link_table4 values ('a1', "rk2", 3, 2, 1, 2, 'data13', 1, 1);
insert into link_table4 values ('a1', "rk3", 4, 2, 1, 2, 'data14', 1, 1);
insert into link_table4 values ('a1', "rk4", 5, 2, 1, 1, 'data15', 1, 1);
insert into link_table4 values ('b1', "rk5", 1, 2, 1, 1, 'data21', 1, 1);
insert into link_table4 values ('b1', "rk6", 2, 2, 1, 1, 'data22', 1, 1);
insert into link_table4 values ('b1', "rk7", 3, 2, 1, 1, 'data32', 1, 1);
select @@rocksdb_select_bypass_policy;
@@rocksdb_select_bypass_policy
always_off
select @@rocksdb_select_bypass_policy into @save_rocksdb_select_bypass_policy;
set global rocksdb_select_bypass_policy=2;
select @@rocksdb_select_bypass_policy;
@@rocksdb_select_bypass_policy
opt_in
SELECT variable_value into @executed_start
FROM information_schema.global_status WHERE
variable_name="rocksdb_select_bypass_executed";
# Reverse Column family + ascending
SELECT /*+ bypass */ id1, id2, link_type, visibility, data, TIME, version
FROM link_table FORCE INDEX (id1_type)
WHERE link_type = 3 AND id1 = 1 AND visibility = 3 AND TIME = 10
ORDER BY TIME ASC, id2 ASC LIMIT 0, 1000;
id1	id2	link_type	visibility	data	TIME	version
1	2	3	3	a10	10	125
SELECT id1, id2, link_type, visibility, data, TIME, version
FROM link_table FORCE INDEX (id1_type)
WHERE link_type = 3 AND id1 = 1 AND visibility = 3 AND TIME = 10
ORDER BY TIME ASC, id2 ASC LIMIT 0, 1000;
id1	id2	link_type	visibility	data	TIME	version
1	2	3	3	a10	10	125
SELECT /*+ bypass */ id1, id2, link_type, visibility, data, TIME, version
FROM link_table FORCE INDEX (id1_type)
WHERE link_type = 3 AND id1 = 1 AND visibility = 3 AND
TIME >= 10 AND TIME <= 10
ORDER BY TIME ASC, id2 ASC LIMIT 0, 1000;
id1	id2	link_type	visibility	data	TIME	version
1	2	3	3	a10	10	125
SELECT id1, id2, link_type, visibility, data, TIME, version
FROM link_table FORCE INDEX (id1_type)
WHERE link_type = 3 AND id1 = 1 AND visibility = 3 AND
TIME >= 10 AND TIME <= 10
ORDER BY TIME ASC, id2 ASC LIMIT 0, 1000;
id1	id2	link_type	visibility	data	TIME	version
1	2	3	3	a10	10	125
SELECT /*+ bypass */ id1, id2, link_type, visibility, data, TIME, version
FROM link_table FORCE INDEX (id1_type)
WHERE link_type = 3 AND id1 = 1 AND visibility = 4 AND
TIME >= 10 AND TIME <= 10
ORDER BY TIME ASC, id2 ASC LIMIT 0, 1000;
id1	id2	link_type	visibility	data	TIME	version
1	1	3	4	a10	10	125
SELECT id1, id2, link_type, visibility, data, TIME, version
FROM link_table FORCE INDEX (id1_type)
WHERE link_type = 3 AND id1 = 1 AND visibility = 4 AND
TIME >= 10 AND TIME <= 10
ORDER BY TIME ASC, id2 ASC LIMIT 0, 1000;
id1	id2	link_type	visibility	data	TIME	version
1	1	3	4	a10	10	125
SELECT /*+ bypass */ id1, id2, link_type, visibility, data, TIME, version
FROM link_table FORCE INDEX (id1_type)
WHERE link_type = 3 AND id1 = 1 AND visibility = 4 AND
TIME >= 9 AND TIME <= 12
ORDER BY TIME ASC, id2 ASC LIMIT 0, 1000;
id1	id2	link_type	visibility	data	TIME	version
1	1	3	4	a10	10	125
1	3	3	4	a11	11	125
1	4	3	4	a11	11	125
1	6	3	4	a12	12	125
1	7	3	4	a12	12	125
SELECT id1, id2, link_type, visibility, data, TIME, version
FROM link_table FORCE INDEX (id1_type)
WHERE link_type = 3 AND id1 = 1 AND visibility = 4 AND
TIME >= 9 AND TIME <= 12
ORDER BY TIME ASC, id2 ASC LIMIT 0, 1000;
id1	id2	link_type	visibility	data	TIME	version
1	1	3	4	a10	10	125
1	3	3	4	a11	11	125
1	4	3	4	a11	11	125
1	6	3	4	a12	12	125
1	7	3	4	a12	12	125
SELECT /*+ bypass */ id1, id2, link_type, visibility, data, TIME, version
FROM link_table FORCE INDEX (id1_type)
WHERE link_type = 3 AND id1 = 1 AND visibility = 4 AND
TIME >= 9 AND TIME <= 11
ORDER BY TIME ASC, id2 ASC LIMIT 0, 1000;
id1	id2	link_type	visibility	data	TIME	version
1	1	3	4	a10	10	125
1	3	3	4	a11	11	125
1	4	3	4	a11	11	125
SELECT id1, id2, link_type, visibility, data, TIME, version
FROM link_table FORCE INDEX (id1_type)
WHERE link_type = 3 AND id1 = 1 AND visibility = 4 AND
TIME >= 9 AND TIME <= 11
ORDER BY TIME ASC, id2 ASC LIMIT 0, 1000;
id1	id2	link_type	visibility	data	TIME	version
1	1	3	4	a10	10	125
1	3	3	4	a11	11	125
1	4	3	4	a11	11	125
SELECT /*+ bypass */ id1, id2, link_type, visibility, data, TIME, version
FROM link_table FORCE INDEX (id1_type)
WHERE link_type = 3 AND id1 = 1 AND visibility = 4 AND TIME >= 9
ORDER BY TIME ASC, id2 ASC LIMIT 0, 1000;
id1	id2	link_type	visibility	data	TIME	version
1	1	3	4	a10	10	125
1	3	3	4	a11	11	125
1	4	3	4	a11	11	125
1	6	3	4	a12	12	125
1	7	3	4	a12	12	125
1	8	3	4	a13	13	125
1	9	3	4	a14	14	125
1	10	3	4	a15	15	125
SELECT id1, id2, link_type, visibility, data, TIME, version
FROM link_table FORCE INDEX (id1_type)
WHERE link_type = 3 AND id1 = 1 AND visibility = 4 AND TIME >= 9
ORDER BY TIME ASC, id2 ASC LIMIT 0, 1000;
id1	id2	link_type	visibility	data	TIME	version
1	1	3	4	a10	10	125
1	3	3	4	a11	11	125
1	4	3	4	a11	11	125
1	6	3	4	a12	12	125
1	7	3	4	a12	12	125
1	8	3	4	a13	13	125
1	9	3	4	a14	14	125
1	10	3	4	a15	15	125
SELECT /*+ bypass */ id1, id2, link_type, visibility, data, TIME, version
FROM link_table FORCE INDEX (id1_type)
WHERE link_type = 3 AND id1 = 1 AND visibility = 4 AND TIME > 10
ORDER BY TIME ASC, id2 ASC LIMIT 0, 1000;
id1	id2	link_type	visibility	data	TIME	version
1	3	3	4	a11	11	125
1	4	3	4	a11	11	125
1	6	3	4	a12	12	125
1	7	3	4	a12	12	125
1	8	3	4	a13	13	125
1	9	3	4	a14	14	125
1	10	3	4	a15	15	125
SELECT id1, id2, link_type, visibility, data, TIME, version
FROM link_table FORCE INDEX (id1_type)
WHERE link_type = 3 AND id1 = 1 AND visibility = 4 AND TIME > 10
ORDER BY TIME ASC, id2 ASC LIMIT 0, 1000;
id1	id2	link_type	visibility	data	TIME	version
1	3	3	4	a11	11	125
1	4	3	4	a11	11	125
1	6	3	4	a12	12	125
1	7	3	4	a12	12	125
1	8	3	4	a13	13	125
1	9	3	4	a14	14	125
1	10	3	4	a15	15	125
SELECT /*+ bypass */ id1, id2, link_type, visibility, data, TIME, version
FROM link_table FORCE INDEX (id1_type)
WHERE link_type = 3 AND id1 = 1 AND visibility = 4 AND TIME >= 10
ORDER BY TIME ASC, id2 ASC LIMIT 0, 1000;
id1	id2	link_type	visibility	data	TIME	version
1	1	3	4	a10	10	125
1	3	3	4	a11	11	125
1	4	3	4	a11	11	125
1	6	3	4	a12	12	125
1	7	3	4	a12	12	125
1	8	3	4	a13	13	125
1	9	3	4	a14	14	125
1	10	3	4	a15	15	125
SELECT id1, id2, link_type, visibility, data, TIME, version
FROM link_table FORCE INDEX (id1_type)
WHERE link_type = 3 AND id1 = 1 AND visibility = 4 AND TIME >= 10
ORDER BY TIME ASC, id2 ASC LIMIT 0, 1000;
id1	id2	link_type	visibility	data	TIME	version
1	1	3	4	a10	10	125
1	3	3	4	a11	11	125
1	4	3	4	a11	11	125
1	6	3	4	a12	12	125
1	7	3	4	a12	12	125
1	8	3	4	a13	13	125
1	9	3	4	a14	14	125
1	10	3	4	a15	15	125
SELECT /*+ bypass */ id1, id2, link_type, visibility, data, TIME, version
FROM link_table FORCE INDEX (id1_type)
WHERE link_type = 3 AND id1 = 1 AND visibility = 4 AND TIME >= 15
ORDER BY TIME ASC, id2 ASC LIMIT 0, 1000;
id1	id2	link_type	visibility	data	TIME	version
1	10	3	4	a15	15	125
SELECT id1, id2, link_type, visibility, data, TIME, version
FROM link_table FORCE INDEX (id1_type)
WHERE link_type = 3 AND id1 = 1 AND visibility = 4 AND TIME >= 15
ORDER BY TIME ASC, id2 ASC LIMIT 0, 1000;
id1	id2	link_type	visibility	data	TIME	version
1	10	3	4	a15	15	125
SELECT /*+ bypass */ id1, id2, link_type, visibility, data, TIME, version
FROM link_table FORCE INDEX (id1_type)
WHERE link_type = 3 AND id1 = 1 AND visibility = 4 AND TIME > 15
ORDER BY TIME ASC, id2 ASC LIMIT 0, 1000;
id1	id2	link_type	visibility	data	TIME	version
SELECT id1, id2, link_type, visibility, data, TIME, version
FROM link_table FORCE INDEX (id1_type)
WHERE link_type = 3 AND id1 = 1 AND visibility = 4 AND TIME > 15
ORDER BY TIME ASC, id2 ASC LIMIT 0, 1000;
id1	id2	link_type	visibility	data	TIME	version
SELECT /*+ bypass */ id1, id2, link_type, visibility, data, TIME, version
FROM link_table FORCE INDEX (id1_type)
WHERE link_type = 3 AND id1 = 1 AND visibility = 4 AND TIME >= 16
ORDER BY TIME ASC, id2 ASC LIMIT 0, 1000;
id1	id2	link_type	visibility	data	TIME	version
SELECT id1, id2, link_type, visibility, data, TIME, version
FROM link_table FORCE INDEX (id1_type)
WHERE link_type = 3 AND id1 = 1 AND visibility = 4 AND TIME >= 16
ORDER BY TIME ASC, id2 ASC LIMIT 0, 1000;
id1	id2	link_type	visibility	data	TIME	version
SELECT /*+ bypass */ id1, id2, link_type, visibility, data, TIME, version
FROM link_table FORCE INDEX (id1_type)
WHERE link_type = 3 AND id1 = 1 AND visibility = 4 AND TIME > 16
ORDER BY TIME ASC, id2 ASC LIMIT 0, 1000;
id1	id2	link_type	visibility	data	TIME	version
SELECT id1, id2, link_type, visibility, data, TIME, version
FROM link_table FORCE INDEX (id1_type)
WHERE link_type = 3 AND id1 = 1 AND visibility = 4 AND TIME > 16
ORDER BY TIME ASC, id2 ASC LIMIT 0, 1000;
id1	id2	link_type	visibility	data	TIME	version
SELECT /*+ bypass */ id1, id2, link_type, visibility, data, TIME, version
FROM link_table FORCE INDEX (id1_type)
WHERE link_type = 3 AND id1 = 1 AND visibility = 4 AND
TIME >= 10 AND TIME <= 15
ORDER BY TIME ASC, id2 ASC LIMIT 0, 1000;
id1	id2	link_type	visibility	data	TIME	version
1	1	3	4	a10	10	125
1	3	3	4	a11	11	125
1	4	3	4	a11	11	125
1	6	3	4	a12	12	125
1	7	3	4	a12	12	125
1	8	3	4	a13	13	125
1	9	3	4	a14	14	125
1	10	3	4	a15	15	125
SELECT id1, id2, link_type, visibility, data, TIME, version
FROM link_table FORCE INDEX (id1_type)
WHERE link_type = 3 AND id1 = 1 AND visibility = 4 AND
TIME >= 10 AND TIME <= 15
ORDER BY TIME ASC, id2 ASC LIMIT 0, 1000;
id1	id2	link_type	visibility	data	TIME	version
1	1	3	4	a10	10	125
1	3	3	4	a11	11	125
1	4	3	4	a11	11	125
1	6	3	4	a12	12	125
1	7	3	4	a12	12	125
1	8	3	4	a13	13	125
1	9	3	4	a14	14	125
1	10	3	4	a15	15	125
SELECT /*+ bypass */ id1, id2, link_type, visibility, data, TIME, version
FROM link_table FORCE INDEX (id1_type)
WHERE link_type = 3 AND id1 = 1 AND visibility = 4 AND
TIME >= 7 AND TIME <= 8
ORDER BY TIME ASC, id2 ASC LIMIT 0, 1000;
id1	id2	link_type	visibility	data	TIME	version
SELECT id1, id2, link_type, visibility, data, TIME, version
FROM link_table FORCE INDEX (id1_type)
WHERE link_type = 3 AND id1 = 1 AND visibility = 4 AND
TIME >= 7 AND TIME <= 8
ORDER BY TIME ASC, id2 ASC LIMIT 0, 1000;
id1	id2	link_type	visibility	data	TIME	version
SELECT /*+ bypass */ id1, id2, link_type, visibility, data, TIME, version
FROM link_table FORCE INDEX (id1_type)
WHERE link_type = 5 AND id1 = 1 AND visibility = 4 AND
TIME >= 10 AND TIME <= 15
ORDER BY TIME ASC, id2 ASC LIMIT 0, 1000;
id1	id2	link_type	visibility	data	TIME	version
SELECT id1, id2, link_type, visibility, data, TIME, version
FROM link_table FORCE INDEX (id1_type)
WHERE link_type = 5 AND id1 = 1 AND visibility = 4 AND
TIME >= 10 AND TIME <= 15
ORDER BY TIME ASC, id2 ASC LIMIT 0, 1000;
id1	id2	link_type	visibility	data	TIME	version
SELECT /*+ bypass */ id1, id2, link_type, visibility, data, TIME, version
FROM link_table FORCE INDEX (id1_type)
WHERE link_type = 3 AND id1 = 1
ORDER BY visibility ASC LIMIT 0, 1000;
id1	id2	link_type	visibility	data	TIME	version
1	2	3	3	a10	10	125
1	5	3	3	a12	12	125
1	1	3	4	a10	10	125
1	3	3	4	a11	11	125
1	4	3	4	a11	11	125
1	6	3	4	a12	12	125
1	7	3	4	a12	12	125
1	8	3	4	a13	13	125
1	9	3	4	a14	14	125
1	10	3	4	a15	15	125
SELECT id1, id2, link_type, visibility, data, TIME, version
FROM link_table FORCE INDEX (id1_type)
WHERE link_type = 3 AND id1 = 1
ORDER BY visibility ASC LIMIT 0, 1000;
id1	id2	link_type	visibility	data	TIME	version
1	2	3	3	a10	10	125
1	5	3	3	a12	12	125
1	1	3	4	a10	10	125
1	3	3	4	a11	11	125
1	4	3	4	a11	11	125
1	6	3	4	a12	12	125
1	7	3	4	a12	12	125
1	8	3	4	a13	13	125
1	9	3	4	a14	14	125
1	10	3	4	a15	15	125
SELECT /*+ bypass */ id1, id2, link_type, visibility, data, TIME, version
FROM link_table FORCE INDEX (id1_type)
WHERE id1 = 1
ORDER BY link_type ASC, visibility ASC LIMIT 0, 1000;
id1	id2	link_type	visibility	data	TIME	version
1	2	3	3	a10	10	125
1	5	3	3	a12	12	125
1	1	3	4	a10	10	125
1	3	3	4	a11	11	125
1	4	3	4	a11	11	125
1	6	3	4	a12	12	125
1	7	3	4	a12	12	125
1	8	3	4	a13	13	125
1	9	3	4	a14	14	125
1	10	3	4	a15	15	125
SELECT id1, id2, link_type, visibility, data, TIME, version
FROM link_table FORCE INDEX (id1_type)
WHERE id1 = 1
ORDER BY link_type ASC, visibility ASC LIMIT 0, 1000;
id1	id2	link_type	visibility	data	TIME	version
1	2	3	3	a10	10	125
1	5	3	3	a12	12	125
1	1	3	4	a10	10	125
1	3	3	4	a11	11	125
1	4	3	4	a11	11	125
1	6	3	4	a12	12	125
1	7	3	4	a12	12	125
1	8	3	4	a13	13	125
1	9	3	4	a14	14	125
1	10	3	4	a15	15	125
SELECT /*+ bypass */ id1, id2, link_type, visibility, data, TIME, version
FROM link_table FORCE INDEX (id1_type)
WHERE link_type = 3 AND id1 = 3 AND visibility = 4 AND
TIME >= 10 AND TIME <= 15
ORDER BY TIME ASC, id2 ASC LIMIT 0, 1000;
id1	id2	link_type	visibility	data	TIME	version
3	9	3	4	a10	10	125
3	10	3	4	a10	10	125
3	7	3	4	a11	11	125
3	8	3	4	a11	11	125
3	4	3	4	a12	12	125
3	5	3	4	a12	12	125
3	6	3	4	a12	12	125
3	3	3	4	a13	13	125
3	2	3	4	a14	14	125
3	1	3	4	a15	15	125
SELECT id1, id2, link_type, visibility, data, TIME, version
FROM link_table FORCE INDEX (id1_type)
WHERE link_type = 3 AND id1 = 3 AND visibility = 4 AND
TIME >= 10 AND TIME <= 15
ORDER BY TIME ASC, id2 ASC LIMIT 0, 1000;
id1	id2	link_type	visibility	data	TIME	version
3	9	3	4	a10	10	125
3	10	3	4	a10	10	125
3	7	3	4	a11	11	125
3	8	3	4	a11	11	125
3	4	3	4	a12	12	125
3	5	3	4	a12	12	125
3	6	3	4	a12	12	125
3	3	3	4	a13	13	125
3	2	3	4	a14	14	125
3	1	3	4	a15	15	125
# Reverse Column family + descending
SELECT /*+ bypass */ id1, id2, link_type, visibility, data, TIME, version
FROM link_table FORCE INDEX (id1_type)
WHERE link_type = 3 AND id1 = 1 AND visibility = 3 AND TIME = 10
ORDER BY TIME DESC, id2 DESC LIMIT 0, 1000;
id1	id2	link_type	visibility	data	TIME	version
1	2	3	3	a10	10	125
SELECT id1, id2, link_type, visibility, data, TIME, version
FROM link_table FORCE INDEX (id1_type)
WHERE link_type = 3 AND id1 = 1 AND visibility = 3 AND TIME = 10
ORDER BY TIME DESC, id2 DESC LIMIT 0, 1000;
id1	id2	link_type	visibility	data	TIME	version
1	2	3	3	a10	10	125
SELECT /*+ bypass */ id1, id2, link_type, visibility, data, TIME, version
FROM link_table FORCE INDEX (id1_type)
WHERE link_type = 3 AND id1 = 1 AND visibility = 3 AND
TIME >= 10 AND TIME <= 10
ORDER BY TIME DESC, id2 DESC LIMIT 0, 1000;
id1	id2	link_type	visibility	data	TIME	version
1	2	3	3	a10	10	125
SELECT id1, id2, link_type, visibility, data, TIME, version
FROM link_table FORCE INDEX (id1_type)
WHERE link_type = 3 AND id1 = 1 AND visibility = 3 AND
TIME >= 10 AND TIME <= 10
ORDER BY TIME DESC, id2 DESC LIMIT 0, 1000;
id1	id2	link_type	visibility	data	TIME	version
1	2	3	3	a10	10	125
SELECT /*+ bypass */ id1, id2, link_type, visibility, data, TIME, version
FROM link_table FORCE INDEX (id1_type)
WHERE link_type = 3 AND id1 = 1 AND visibility = 4 AND
TIME >= 10 AND TIME <= 10
ORDER BY TIME DESC, id2 DESC LIMIT 0, 1000;
id1	id2	link_type	visibility	data	TIME	version
1	1	3	4	a10	10	125
SELECT id1, id2, link_type, visibility, data, TIME, version
FROM link_table FORCE INDEX (id1_type)
WHERE link_type = 3 AND id1 = 1 AND visibility = 4 AND
TIME >= 10 AND TIME <= 10
ORDER BY TIME DESC, id2 DESC LIMIT 0, 1000;
id1	id2	link_type	visibility	data	TIME	version
1	1	3	4	a10	10	125
SELECT /*+ bypass */ id1, id2, link_type, visibility, data, TIME, version
FROM link_table FORCE INDEX (id1_type)
WHERE link_type = 3 AND id1 = 1 AND visibility = 4 AND
TIME >= 9 AND TIME <= 12
ORDER BY TIME DESC, id2 DESC LIMIT 0, 1000;
id1	id2	link_type	visibility	data	TIME	version
1	7	3	4	a12	12	125
1	6	3	4	a12	12	125
1	4	3	4	a11	11	125
1	3	3	4	a11	11	125
1	1	3	4	a10	10	125
SELECT id1, id2, link_type, visibility, data, TIME, version
FROM link_table FORCE INDEX (id1_type)
WHERE link_type = 3 AND id1 = 1 AND visibility = 4 AND
TIME >= 9 AND TIME <= 12
ORDER BY TIME DESC, id2 DESC LIMIT 0, 1000;
id1	id2	link_type	visibility	data	TIME	version
1	7	3	4	a12	12	125
1	6	3	4	a12	12	125
1	4	3	4	a11	11	125
1	3	3	4	a11	11	125
1	1	3	4	a10	10	125
SELECT /*+ bypass */ id1, id2, link_type, visibility, data, TIME, version
FROM link_table FORCE INDEX (id1_type)
WHERE link_type = 3 AND id1 = 1 AND visibility = 4 AND
TIME >= 9 AND TIME <= 11
ORDER BY TIME DESC, id2 DESC LIMIT 0, 1000;
id1	id2	link_type	visibility	data	TIME	version
1	4	3	4	a11	11	125
1	3	3	4	a11	11	125
1	1	3	4	a10	10	125
SELECT id1, id2, link_type, visibility, data, TIME, version
FROM link_table FORCE INDEX (id1_type)
WHERE link_type = 3 AND id1 = 1 AND visibility = 4 AND
TIME >= 9 AND TIME <= 11
ORDER BY TIME DESC, id2 DESC LIMIT 0, 1000;
id1	id2	link_type	visibility	data	TIME	version
1	4	3	4	a11	11	125
1	3	3	4	a11	11	125
1	1	3	4	a10	10	125
SELECT /*+ bypass */ id1, id2, link_type, visibility, data, TIME, version
FROM link_table FORCE INDEX (id1_type)
WHERE link_type = 3 AND id1 = 1 AND visibility = 4 AND TIME >= 9
ORDER BY TIME DESC, id2 DESC LIMIT 0, 1000;
id1	id2	link_type	visibility	data	TIME	version
1	10	3	4	a15	15	125
1	9	3	4	a14	14	125
1	8	3	4	a13	13	125
1	7	3	4	a12	12	125
1	6	3	4	a12	12	125
1	4	3	4	a11	11	125
1	3	3	4	a11	11	125
1	1	3	4	a10	10	125
SELECT id1, id2, link_type, visibility, data, TIME, version
FROM link_table FORCE INDEX (id1_type)
WHERE link_type = 3 AND id1 = 1 AND visibility = 4 AND TIME >= 9
ORDER BY TIME DESC, id2 DESC LIMIT 0, 1000;
id1	id2	link_type	visibility	data	TIME	version
1	10	3	4	a15	15	125
1	9	3	4	a14	14	125
1	8	3	4	a13	13	125
1	7	3	4	a12	12	125
1	6	3	4	a12	12	125
1	4	3	4	a11	11	125
1	3	3	4	a11	11	125
1	1	3	4	a10	10	125
SELECT /*+ bypass */ id1, id2, link_type, visibility, data, TIME, version
FROM link_table FORCE INDEX (id1_type)
WHERE link_type = 3 AND id1 = 1 AND visibility = 4 AND TIME > 10
ORDER BY TIME DESC, id2 DESC LIMIT 0, 1000;
id1	id2	link_type	visibility	data	TIME	version
1	10	3	4	a15	15	125
1	9	3	4	a14	14	125
1	8	3	4	a13	13	125
1	7	3	4	a12	12	125
1	6	3	4	a12	12	125
1	4	3	4	a11	11	125
1	3	3	4	a11	11	125
SELECT id1, id2, link_type, visibility, data, TIME, version
FROM link_table FORCE INDEX (id1_type)
WHERE link_type = 3 AND id1 = 1 AND visibility = 4 AND TIME > 10
ORDER BY TIME DESC, id2 DESC LIMIT 0, 1000;
id1	id2	link_type	visibility	data	TIME	version
1	10	3	4	a15	15	125
1	9	3	4	a14	14	125
1	8	3	4	a13	13	125
1	7	3	4	a12	12	125
1	6	3	4	a12	12	125
1	4	3	4	a11	11	125
1	3	3	4	a11	11	125
SELECT /*+ bypass */ id1, id2, link_type, visibility, data, TIME, version
FROM link_table FORCE INDEX (id1_type)
WHERE link_type = 3 AND id1 = 1 AND visibility = 4 AND TIME >= 10
ORDER BY TIME DESC, id2 DESC LIMIT 0, 1000;
id1	id2	link_type	visibility	data	TIME	version
1	10	3	4	a15	15	125
1	9	3	4	a14	14	125
1	8	3	4	a13	13	125
1	7	3	4	a12	12	125
1	6	3	4	a12	12	125
1	4	3	4	a11	11	125
1	3	3	4	a11	11	125
1	1	3	4	a10	10	125
SELECT id1, id2, link_type, visibility, data, TIME, version
FROM link_table FORCE INDEX (id1_type)
WHERE link_type = 3 AND id1 = 1 AND visibility = 4 AND TIME >= 10
ORDER BY TIME DESC, id2 DESC LIMIT 0, 1000;
id1	id2	link_type	visibility	data	TIME	version
1	10	3	4	a15	15	125
1	9	3	4	a14	14	125
1	8	3	4	a13	13	125
1	7	3	4	a12	12	125
1	6	3	4	a12	12	125
1	4	3	4	a11	11	125
1	3	3	4	a11	11	125
1	1	3	4	a10	10	125
SELECT /*+ bypass */ id1, id2, link_type, visibility, data, TIME, version
FROM link_table FORCE INDEX (id1_type)
WHERE link_type = 3 AND id1 = 1 AND visibility = 4 AND TIME >= 15
ORDER BY TIME DESC, id2 DESC LIMIT 0, 1000;
id1	id2	link_type	visibility	data	TIME	version
1	10	3	4	a15	15	125
SELECT id1, id2, link_type, visibility, data, TIME, version
FROM link_table FORCE INDEX (id1_type)
WHERE link_type = 3 AND id1 = 1 AND visibility = 4 AND TIME >= 15
ORDER BY TIME DESC, id2 DESC LIMIT 0, 1000;
id1	id2	link_type	visibility	data	TIME	version
1	10	3	4	a15	15	125
SELECT /*+ bypass */ id1, id2, link_type, visibility, data, TIME, version
FROM link_table FORCE INDEX (id1_type)
WHERE link_type = 3 AND id1 = 1 AND visibility = 4 AND TIME > 15
ORDER BY TIME DESC, id2 DESC LIMIT 0, 1000;
id1	id2	link_type	visibility	data	TIME	version
SELECT id1, id2, link_type, visibility, data, TIME, version
FROM link_table FORCE INDEX (id1_type)
WHERE link_type = 3 AND id1 = 1 AND visibility = 4 AND TIME > 15
ORDER BY TIME DESC, id2 DESC LIMIT 0, 1000;
id1	id2	link_type	visibility	data	TIME	version
SELECT /*+ bypass */ id1, id2, link_type, visibility, data, TIME, version
FROM link_table FORCE INDEX (id1_type)
WHERE link_type = 3 AND id1 = 1 AND visibility = 4 AND TIME >= 16
ORDER BY TIME DESC, id2 DESC LIMIT 0, 1000;
id1	id2	link_type	visibility	data	TIME	version
SELECT id1, id2, link_type, visibility, data, TIME, version
FROM link_table FORCE INDEX (id1_type)
WHERE link_type = 3 AND id1 = 1 AND visibility = 4 AND TIME >= 16
ORDER BY TIME DESC, id2 DESC LIMIT 0, 1000;
id1	id2	link_type	visibility	data	TIME	version
SELECT /*+ bypass */ id1, id2, link_type, visibility, data, TIME, version
FROM link_table FORCE INDEX (id1_type)
WHERE link_type = 3 AND id1 = 1 AND visibility = 4 AND TIME > 16
ORDER BY TIME DESC, id2 DESC LIMIT 0, 1000;
id1	id2	link_type	visibility	data	TIME	version
SELECT id1, id2, link_type, visibility, data, TIME, version
FROM link_table FORCE INDEX (id1_type)
WHERE link_type = 3 AND id1 = 1 AND visibility = 4 AND TIME > 16
ORDER BY TIME DESC, id2 DESC LIMIT 0, 1000;
id1	id2	link_type	visibility	data	TIME	version
SELECT /*+ bypass */ id1, id2, link_type, visibility, data, TIME, version
FROM link_table FORCE INDEX (id1_type)
WHERE link_type = 3 AND id1 = 1 AND visibility = 4 AND
TIME >= 10 AND TIME <= 15
ORDER BY TIME DESC, id2 DESC LIMIT 0, 1000;
id1	id2	link_type	visibility	data	TIME	version
1	10	3	4	a15	15	125
1	9	3	4	a14	14	125
1	8	3	4	a13	13	125
1	7	3	4	a12	12	125
1	6	3	4	a12	12	125
1	4	3	4	a11	11	125
1	3	3	4	a11	11	125
1	1	3	4	a10	10	125
SELECT id1, id2, link_type, visibility, data, TIME, version
FROM link_table FORCE INDEX (id1_type)
WHERE link_type = 3 AND id1 = 1 AND visibility = 4 AND
TIME >= 10 AND TIME <= 15
ORDER BY TIME DESC, id2 DESC LIMIT 0, 1000;
id1	id2	link_type	visibility	data	TIME	version
1	10	3	4	a15	15	125
1	9	3	4	a14	14	125
1	8	3	4	a13	13	125
1	7	3	4	a12	12	125
1	6	3	4	a12	12	125
1	4	3	4	a11	11	125
1	3	3	4	a11	11	125
1	1	3	4	a10	10	125
SELECT /*+ bypass */ id1, id2, link_type, visibility, data, TIME, version
FROM link_table FORCE INDEX (id1_type)
WHERE link_type = 3 AND id1 = 1 AND visibility = 4 AND
TIME >= 7 AND TIME <= 8
ORDER BY TIME DESC, id2 DESC LIMIT 0, 1000;
id1	id2	link_type	visibility	data	TIME	version
SELECT id1, id2, link_type, visibility, data, TIME, version
FROM link_table FORCE INDEX (id1_type)
WHERE link_type = 3 AND id1 = 1 AND visibility = 4 AND
TIME >= 7 AND TIME <= 8
ORDER BY TIME DESC, id2 DESC LIMIT 0, 1000;
id1	id2	link_type	visibility	data	TIME	version
SELECT /*+ bypass */ id1, id2, link_type, visibility, data, TIME, version
FROM link_table FORCE INDEX (id1_type)
WHERE link_type = 5 AND id1 = 1 AND visibility = 4 AND
TIME >= 10 AND TIME <= 15
ORDER BY TIME DESC, id2 DESC LIMIT 0, 1000;
id1	id2	link_type	visibility	data	TIME	version
SELECT id1, id2, link_type, visibility, data, TIME, version
FROM link_table FORCE INDEX (id1_type)
WHERE link_type = 5 AND id1 = 1 AND visibility = 4 AND
TIME >= 10 AND TIME <= 15
ORDER BY TIME DESC, id2 DESC LIMIT 0, 1000;
id1	id2	link_type	visibility	data	TIME	version
SELECT /*+ bypass */ id1, id2, link_type, visibility, data, TIME, version
FROM link_table FORCE INDEX (id1_type)
WHERE link_type = 3 AND id1 = 1
ORDER BY visibility DESC LIMIT 0, 1000;
id1	id2	link_type	visibility	data	TIME	version
1	10	3	4	a15	15	125
1	9	3	4	a14	14	125
1	8	3	4	a13	13	125
1	7	3	4	a12	12	125
1	6	3	4	a12	12	125
1	4	3	4	a11	11	125
1	3	3	4	a11	11	125
1	1	3	4	a10	10	125
1	5	3	3	a12	12	125
1	2	3	3	a10	10	125
SELECT id1, id2, link_type, visibility, data, TIME, version
FROM link_table FORCE INDEX (id1_type)
WHERE link_type = 3 AND id1 = 1
ORDER BY visibility DESC LIMIT 0, 1000;
id1	id2	link_type	visibility	data	TIME	version
1	10	3	4	a15	15	125
1	9	3	4	a14	14	125
1	8	3	4	a13	13	125
1	7	3	4	a12	12	125
1	6	3	4	a12	12	125
1	4	3	4	a11	11	125
1	3	3	4	a11	11	125
1	1	3	4	a10	10	125
1	5	3	3	a12	12	125
1	2	3	3	a10	10	125
SELECT /*+ bypass */ id1, id2, link_type, visibility, data, TIME, version
FROM link_table FORCE INDEX (id1_type)
WHERE id1 = 1
ORDER BY link_type DESC, visibility DESC LIMIT 0, 1000;
id1	id2	link_type	visibility	data	TIME	version
1	10	3	4	a15	15	125
1	9	3	4	a14	14	125
1	8	3	4	a13	13	125
1	7	3	4	a12	12	125
1	6	3	4	a12	12	125
1	4	3	4	a11	11	125
1	3	3	4	a11	11	125
1	1	3	4	a10	10	125
1	5	3	3	a12	12	125
1	2	3	3	a10	10	125
SELECT id1, id2, link_type, visibility, data, TIME, version
FROM link_table FORCE INDEX (id1_type)
WHERE id1 = 1
ORDER BY link_type DESC, visibility DESC LIMIT 0, 1000;
id1	id2	link_type	visibility	data	TIME	version
1	10	3	4	a15	15	125
1	9	3	4	a14	14	125
1	8	3	4	a13	13	125
1	7	3	4	a12	12	125
1	6	3	4	a12	12	125
1	4	3	4	a11	11	125
1	3	3	4	a11	11	125
1	1	3	4	a10	10	125
1	5	3	3	a12	12	125
1	2	3	3	a10	10	125
SELECT /*+ bypass */ id1, id2, link_type, visibility, data, TIME, version
FROM link_table FORCE INDEX (id1_type)
WHERE link_type = 3 AND id1 = 3 AND visibility = 4 AND
TIME >= 10 AND TIME <= 15
ORDER BY TIME DESC, id2 DESC LIMIT 0, 1000;
id1	id2	link_type	visibility	data	TIME	version
3	1	3	4	a15	15	125
3	2	3	4	a14	14	125
3	3	3	4	a13	13	125
3	6	3	4	a12	12	125
3	5	3	4	a12	12	125
3	4	3	4	a12	12	125
3	8	3	4	a11	11	125
3	7	3	4	a11	11	125
3	10	3	4	a10	10	125
3	9	3	4	a10	10	125
SELECT id1, id2, link_type, visibility, data, TIME, version
FROM link_table FORCE INDEX (id1_type)
WHERE link_type = 3 AND id1 = 3 AND visibility = 4 AND
TIME >= 10 AND TIME <= 15
ORDER BY TIME DESC, id2 DESC LIMIT 0, 1000;
id1	id2	link_type	visibility	data	TIME	version
3	1	3	4	a15	15	125
3	2	3	4	a14	14	125
3	3	3	4	a13	13	125
3	6	3	4	a12	12	125
3	5	3	4	a12	12	125
3	4	3	4	a12	12	125
3	8	3	4	a11	11	125
3	7	3	4	a11	11	125
3	10	3	4	a10	10	125
3	9	3	4	a10	10	125
# column family + ascending
SELECT /*+ bypass */ id1, id2, link_type, visibility, data, TIME, version
FROM link_table2 FORCE INDEX (id1_type)
WHERE link_type = 3 AND id1 = 1 AND visibility = 3 AND TIME = 10
ORDER BY TIME ASC, id2 ASC LIMIT 0, 1000;
id1	id2	link_type	visibility	data	TIME	version
1	2	3	3	a10	10	125
SELECT id1, id2, link_type, visibility, data, TIME, version
FROM link_table2 FORCE INDEX (id1_type)
WHERE link_type = 3 AND id1 = 1 AND visibility = 3 AND TIME = 10
ORDER BY TIME ASC, id2 ASC LIMIT 0, 1000;
id1	id2	link_type	visibility	data	TIME	version
1	2	3	3	a10	10	125
SELECT /*+ bypass */ id1, id2, link_type, visibility, data, TIME, version
FROM link_table2 FORCE INDEX (id1_type)
WHERE link_type = 3 AND id1 = 1 AND visibility = 3 AND
TIME >= 10 AND TIME <= 10
ORDER BY TIME ASC, id2 ASC LIMIT 0, 1000;
id1	id2	link_type	visibility	data	TIME	version
1	2	3	3	a10	10	125
SELECT id1, id2, link_type, visibility, data, TIME, version
FROM link_table2 FORCE INDEX (id1_type)
WHERE link_type = 3 AND id1 = 1 AND visibility = 3 AND
TIME >= 10 AND TIME <= 10
ORDER BY TIME ASC, id2 ASC LIMIT 0, 1000;
id1	id2	link_type	visibility	data	TIME	version
1	2	3	3	a10	10	125
SELECT /*+ bypass */ id1, id2, link_type, visibility, data, TIME, version
FROM link_table2 FORCE INDEX (id1_type)
WHERE link_type = 3 AND id1 = 1 AND visibility = 4 AND
TIME >= 10 AND TIME <= 10
ORDER BY TIME ASC, id2 ASC LIMIT 0, 1000;
id1	id2	link_type	visibility	data	TIME	version
1	1	3	4	a10	10	125
SELECT id1, id2, link_type, visibility, data, TIME, version
FROM link_table2 FORCE INDEX (id1_type)
WHERE link_type = 3 AND id1 = 1 AND visibility = 4 AND
TIME >= 10 AND TIME <= 10
ORDER BY TIME ASC, id2 ASC LIMIT 0, 1000;
id1	id2	link_type	visibility	data	TIME	version
1	1	3	4	a10	10	125
SELECT /*+ bypass */ id1, id2, link_type, visibility, data, TIME, version
FROM link_table2 FORCE INDEX (id1_type)
WHERE link_type = 3 AND id1 = 1 AND visibility = 4 AND
TIME >= 9 AND TIME <= 12
ORDER BY TIME ASC, id2 ASC LIMIT 0, 1000;
id1	id2	link_type	visibility	data	TIME	version
1	1	3	4	a10	10	125
1	3	3	4	a11	11	125
1	4	3	4	a11	11	125
1	6	3	4	a12	12	125
1	7	3	4	a12	12	125
SELECT id1, id2, link_type, visibility, data, TIME, version
FROM link_table2 FORCE INDEX (id1_type)
WHERE link_type = 3 AND id1 = 1 AND visibility = 4 AND
TIME >= 9 AND TIME <= 12
ORDER BY TIME ASC, id2 ASC LIMIT 0, 1000;
id1	id2	link_type	visibility	data	TIME	version
1	1	3	4	a10	10	125
1	3	3	4	a11	11	125
1	4	3	4	a11	11	125
1	6	3	4	a12	12	125
1	7	3	4	a12	12	125
SELECT /*+ bypass */ id1, id2, link_type, visibility, data, TIME, version
FROM link_table2 FORCE INDEX (id1_type)
WHERE link_type = 3 AND id1 = 1 AND visibility = 4 AND
TIME >= 9 AND TIME <= 11
ORDER BY TIME ASC, id2 ASC LIMIT 0, 1000;
id1	id2	link_type	visibility	data	TIME	version
1	1	3	4	a10	10	125
1	3	3	4	a11	11	125
1	4	3	4	a11	11	125
SELECT id1, id2, link_type, visibility, data, TIME, version
FROM link_table2 FORCE INDEX (id1_type)
WHERE link_type = 3 AND id1 = 1 AND visibility = 4 AND
TIME >= 9 AND TIME <= 11
ORDER BY TIME ASC, id2 ASC LIMIT 0, 1000;
id1	id2	link_type	visibility	data	TIME	version
1	1	3	4	a10	10	125
1	3	3	4	a11	11	125
1	4	3	4	a11	11	125
SELECT /*+ bypass */ id1, id2, link_type, visibility, data, TIME, version
FROM link_table2 FORCE INDEX (id1_type)
WHERE link_type = 3 AND id1 = 1 AND visibility = 4 AND TIME >= 9
ORDER BY TIME ASC, id2 ASC LIMIT 0, 1000;
id1	id2	link_type	visibility	data	TIME	version
1	1	3	4	a10	10	125
1	3	3	4	a11	11	125
1	4	3	4	a11	11	125
1	6	3	4	a12	12	125
1	7	3	4	a12	12	125
1	8	3	4	a13	13	125
1	9	3	4	a14	14	125
1	10	3	4	a15	15	125
SELECT id1, id2, link_type, visibility, data, TIME, version
FROM link_table2 FORCE INDEX (id1_type)
WHERE link_type = 3 AND id1 = 1 AND visibility = 4 AND TIME >= 9
ORDER BY TIME ASC, id2 ASC LIMIT 0, 1000;
id1	id2	link_type	visibility	data	TIME	version
1	1	3	4	a10	10	125
1	3	3	4	a11	11	125
1	4	3	4	a11	11	125
1	6	3	4	a12	12	125
1	7	3	4	a12	12	125
1	8	3	4	a13	13	125
1	9	3	4	a14	14	125
1	10	3	4	a15	15	125
SELECT /*+ bypass */ id1, id2, link_type, visibility, data, TIME, version
FROM link_table2 FORCE INDEX (id1_type)
WHERE link_type = 3 AND id1 = 1 AND visibility = 4 AND TIME > 10
ORDER BY TIME ASC, id2 ASC LIMIT 0, 1000;
id1	id2	link_type	visibility	data	TIME	version
1	3	3	4	a11	11	125
1	4	3	4	a11	11	125
1	6	3	4	a12	12	125
1	7	3	4	a12	12	125
1	8	3	4	a13	13	125
1	9	3	4	a14	14	125
1	10	3	4	a15	15	125
SELECT id1, id2, link_type, visibility, data, TIME, version
FROM link_table2 FORCE INDEX (id1_type)
WHERE link_type = 3 AND id1 = 1 AND visibility = 4 AND TIME > 10
ORDER BY TIME ASC, id2 ASC LIMIT 0, 1000;
id1	id2	link_type	visibility	data	TIME	version
1	3	3	4	a11	11	125
1	4	3	4	a11	11	125
1	6	3	4	a12	12	125
1	7	3	4	a12	12	125
1	8	3	4	a13	13	125
1	9	3	4	a14	14	125
1	10	3	4	a15	15	125
SELECT /*+ bypass */ id1, id2, link_type, visibility, data, TIME, version
FROM link_table2 FORCE INDEX (id1_type)
WHERE link_type = 3 AND id1 = 1 AND visibility = 4 AND TIME >= 10
ORDER BY TIME ASC, id2 ASC LIMIT 0, 1000;
id1	id2	link_type	visibility	data	TIME	version
1	1	3	4	a10	10	125
1	3	3	4	a11	11	125
1	4	3	4	a11	11	125
1	6	3	4	a12	12	125
1	7	3	4	a12	12	125
1	8	3	4	a13	13	125
1	9	3	4	a14	14	125
1	10	3	4	a15	15	125
SELECT id1, id2, link_type, visibility, data, TIME, version
FROM link_table2 FORCE INDEX (id1_type)
WHERE link_type = 3 AND id1 = 1 AND visibility = 4 AND TIME >= 10
ORDER BY TIME ASC, id2 ASC LIMIT 0, 1000;
id1	id2	link_type	visibility	data	TIME	version
1	1	3	4	a10	10	125
1	3	3	4	a11	11	125
1	4	3	4	a11	11	125
1	6	3	4	a12	12	125
1	7	3	4	a12	12	125
1	8	3	4	a13	13	125
1	9	3	4	a14	14	125
1	10	3	4	a15	15	125
SELECT /*+ bypass */ id1, id2, link_type, visibility, data, TIME, version
FROM link_table2 FORCE INDEX (id1_type)
WHERE link_type = 3 AND id1 = 1 AND visibility = 4 AND TIME >= 15
ORDER BY TIME ASC, id2 ASC LIMIT 0, 1000;
id1	id2	link_type	visibility	data	TIME	version
1	10	3	4	a15	15	125
SELECT id1, id2, link_type, visibility, data, TIME, version
FROM link_table2 FORCE INDEX (id1_type)
WHERE link_type = 3 AND id1 = 1 AND visibility = 4 AND TIME >= 15
ORDER BY TIME ASC, id2 ASC LIMIT 0, 1000;
id1	id2	link_type	visibility	data	TIME	version
1	10	3	4	a15	15	125
SELECT /*+ bypass */ id1, id2, link_type, visibility, data, TIME, version
FROM link_table2 FORCE INDEX (id1_type)
WHERE link_type = 3 AND id1 = 1 AND visibility = 4 AND TIME > 15
ORDER BY TIME ASC, id2 ASC LIMIT 0, 1000;
id1	id2	link_type	visibility	data	TIME	version
SELECT id1, id2, link_type, visibility, data, TIME, version
FROM link_table2 FORCE INDEX (id1_type)
WHERE link_type = 3 AND id1 = 1 AND visibility = 4 AND TIME > 15
ORDER BY TIME ASC, id2 ASC LIMIT 0, 1000;
id1	id2	link_type	visibility	data	TIME	version
SELECT /*+ bypass */ id1, id2, link_type, visibility, data, TIME, version
FROM link_table2 FORCE INDEX (id1_type)
WHERE link_type = 3 AND id1 = 1 AND visibility = 4 AND TIME >= 16
ORDER BY TIME ASC, id2 ASC LIMIT 0, 1000;
id1	id2	link_type	visibility	data	TIME	version
SELECT id1, id2, link_type, visibility, data, TIME, version
FROM link_table2 FORCE INDEX (id1_type)
WHERE link_type = 3 AND id1 = 1 AND visibility = 4 AND TIME >= 16
ORDER BY TIME ASC, id2 ASC LIMIT 0, 1000;
id1	id2	link_type	visibility	data	TIME	version
SELECT /*+ bypass */ id1, id2, link_type, visibility, data, TIME, version
FROM link_table2 FORCE INDEX (id1_type)
WHERE link_type = 3 AND id1 = 1 AND visibility = 4 AND TIME > 16
ORDER BY TIME ASC, id2 ASC LIMIT 0, 1000;
id1	id2	link_type	visibility	data	TIME	version
SELECT id1, id2, link_type, visibility, data, TIME, version
FROM link_table2 FORCE INDEX (id1_type)
WHERE link_type = 3 AND id1 = 1 AND visibility = 4 AND TIME > 16
ORDER BY TIME ASC, id2 ASC LIMIT 0, 1000;
id1	id2	link_type	visibility	data	TIME	version
SELECT /*+ bypass */ id1, id2, link_type, visibility, data, TIME, version
FROM link_table2 FORCE INDEX (id1_type)
WHERE link_type = 3 AND id1 = 1 AND visibility = 4 AND
TIME >= 10 AND TIME <= 15
ORDER BY TIME ASC, id2 ASC LIMIT 0, 1000;
id1	id2	link_type	visibility	data	TIME	version
1	1	3	4	a10	10	125
1	3	3	4	a11	11	125
1	4	3	4	a11	11	125
1	6	3	4	a12	12	125
1	7	3	4	a12	12	125
1	8	3	4	a13	13	125
1	9	3	4	a14	14	125
1	10	3	4	a15	15	125
SELECT id1, id2, link_type, visibility, data, TIME, version
FROM link_table2 FORCE INDEX (id1_type)
WHERE link_type = 3 AND id1 = 1 AND visibility = 4 AND
TIME >= 10 AND TIME <= 15
ORDER BY TIME ASC, id2 ASC LIMIT 0, 1000;
id1	id2	link_type	visibility	data	TIME	version
1	1	3	4	a10	10	125
1	3	3	4	a11	11	125
1	4	3	4	a11	11	125
1	6	3	4	a12	12	125
1	7	3	4	a12	12	125
1	8	3	4	a13	13	125
1	9	3	4	a14	14	125
1	10	3	4	a15	15	125
SELECT /*+ bypass */ id1, id2, link_type, visibility, data, TIME, version
FROM link_table2 FORCE INDEX (id1_type)
WHERE link_type = 3 AND id1 = 1 AND visibility = 4 AND
TIME >= 7 AND TIME <= 8
ORDER BY TIME ASC, id2 ASC LIMIT 0, 1000;
id1	id2	link_type	visibility	data	TIME	version
SELECT id1, id2, link_type, visibility, data, TIME, version
FROM link_table2 FORCE INDEX (id1_type)
WHERE link_type = 3 AND id1 = 1 AND visibility = 4 AND
TIME >= 7 AND TIME <= 8
ORDER BY TIME ASC, id2 ASC LIMIT 0, 1000;
id1	id2	link_type	visibility	data	TIME	version
SELECT /*+ bypass */ id1, id2, link_type, visibility, data, TIME, version
FROM link_table2 FORCE INDEX (id1_type)
WHERE link_type = 5 AND id1 = 1 AND visibility = 4 AND
TIME >= 10 AND TIME <= 15
ORDER BY TIME ASC, id2 ASC LIMIT 0, 1000;
id1	id2	link_type	visibility	data	TIME	version
SELECT id1, id2, link_type, visibility, data, TIME, version
FROM link_table2 FORCE INDEX (id1_type)
WHERE link_type = 5 AND id1 = 1 AND visibility = 4 AND
TIME >= 10 AND TIME <= 15
ORDER BY TIME ASC, id2 ASC LIMIT 0, 1000;
id1	id2	link_type	visibility	data	TIME	version
SELECT /*+ bypass */ id1, id2, link_type, visibility, data, TIME, version
FROM link_table2 FORCE INDEX (id1_type)
WHERE link_type = 3 AND id1 = 1
ORDER BY visibility ASC LIMIT 0, 1000;
id1	id2	link_type	visibility	data	TIME	version
1	2	3	3	a10	10	125
1	5	3	3	a12	12	125
1	1	3	4	a10	10	125
1	3	3	4	a11	11	125
1	4	3	4	a11	11	125
1	6	3	4	a12	12	125
1	7	3	4	a12	12	125
1	8	3	4	a13	13	125
1	9	3	4	a14	14	125
1	10	3	4	a15	15	125
SELECT id1, id2, link_type, visibility, data, TIME, version
FROM link_table2 FORCE INDEX (id1_type)
WHERE link_type = 3 AND id1 = 1
ORDER BY visibility ASC LIMIT 0, 1000;
id1	id2	link_type	visibility	data	TIME	version
1	2	3	3	a10	10	125
1	5	3	3	a12	12	125
1	1	3	4	a10	10	125
1	3	3	4	a11	11	125
1	4	3	4	a11	11	125
1	6	3	4	a12	12	125
1	7	3	4	a12	12	125
1	8	3	4	a13	13	125
1	9	3	4	a14	14	125
1	10	3	4	a15	15	125
SELECT /*+ bypass */ id1, id2, link_type, visibility, data, TIME, version
FROM link_table2 FORCE INDEX (id1_type)
WHERE id1 = 1
ORDER BY link_type ASC, visibility ASC LIMIT 0, 1000;
id1	id2	link_type	visibility	data	TIME	version
1	2	3	3	a10	10	125
1	5	3	3	a12	12	125
1	1	3	4	a10	10	125
1	3	3	4	a11	11	125
1	4	3	4	a11	11	125
1	6	3	4	a12	12	125
1	7	3	4	a12	12	125
1	8	3	4	a13	13	125
1	9	3	4	a14	14	125
1	10	3	4	a15	15	125
SELECT id1, id2, link_type, visibility, data, TIME, version
FROM link_table2 FORCE INDEX (id1_type)
WHERE id1 = 1
ORDER BY link_type ASC, visibility ASC LIMIT 0, 1000;
id1	id2	link_type	visibility	data	TIME	version
1	2	3	3	a10	10	125
1	5	3	3	a12	12	125
1	1	3	4	a10	10	125
1	3	3	4	a11	11	125
1	4	3	4	a11	11	125
1	6	3	4	a12	12	125
1	7	3	4	a12	12	125
1	8	3	4	a13	13	125
1	9	3	4	a14	14	125
1	10	3	4	a15	15	125
SELECT /*+ bypass */ id1, id2, link_type, visibility, data, TIME, version
FROM link_table2 FORCE INDEX (id1_type)
WHERE link_type = 3 AND id1 = 3 AND visibility = 4 AND
TIME >= 10 AND TIME <= 15
ORDER BY TIME ASC, id2 ASC LIMIT 0, 1000;
id1	id2	link_type	visibility	data	TIME	version
3	9	3	4	a10	10	125
3	10	3	4	a10	10	125
3	7	3	4	a11	11	125
3	8	3	4	a11	11	125
3	4	3	4	a12	12	125
3	5	3	4	a12	12	125
3	6	3	4	a12	12	125
3	3	3	4	a13	13	125
3	2	3	4	a14	14	125
3	1	3	4	a15	15	125
SELECT id1, id2, link_type, visibility, data, TIME, version
FROM link_table2 FORCE INDEX (id1_type)
WHERE link_type = 3 AND id1 = 3 AND visibility = 4 AND
TIME >= 10 AND TIME <= 15
ORDER BY TIME ASC, id2 ASC LIMIT 0, 1000;
id1	id2	link_type	visibility	data	TIME	version
3	9	3	4	a10	10	125
3	10	3	4	a10	10	125
3	7	3	4	a11	11	125
3	8	3	4	a11	11	125
3	4	3	4	a12	12	125
3	5	3	4	a12	12	125
3	6	3	4	a12	12	125
3	3	3	4	a13	13	125
3	2	3	4	a14	14	125
3	1	3	4	a15	15	125
# column family + descending
SELECT /*+ bypass */ id1, id2, link_type, visibility, data, TIME, version
FROM link_table2 FORCE INDEX (id1_type)
WHERE link_type = 3 AND id1 = 1 AND visibility = 3 AND TIME = 10
ORDER BY TIME DESC, id2 DESC LIMIT 0, 1000;
id1	id2	link_type	visibility	data	TIME	version
1	2	3	3	a10	10	125
SELECT id1, id2, link_type, visibility, data, TIME, version
FROM link_table2 FORCE INDEX (id1_type)
WHERE link_type = 3 AND id1 = 1 AND visibility = 3 AND TIME = 10
ORDER BY TIME DESC, id2 DESC LIMIT 0, 1000;
id1	id2	link_type	visibility	data	TIME	version
1	2	3	3	a10	10	125
SELECT /*+ bypass */ id1, id2, link_type, visibility, data, TIME, version
FROM link_table2 FORCE INDEX (id1_type)
WHERE link_type = 3 AND id1 = 1 AND visibility = 3 AND
TIME >= 10 AND TIME <= 10
ORDER BY TIME DESC, id2 DESC LIMIT 0, 1000;
id1	id2	link_type	visibility	data	TIME	version
1	2	3	3	a10	10	125
SELECT id1, id2, link_type, visibility, data, TIME, version
FROM link_table2 FORCE INDEX (id1_type)
WHERE link_type = 3 AND id1 = 1 AND visibility = 3 AND
TIME >= 10 AND TIME <= 10
ORDER BY TIME DESC, id2 DESC LIMIT 0, 1000;
id1	id2	link_type	visibility	data	TIME	version
1	2	3	3	a10	10	125
SELECT /*+ bypass */ id1, id2, link_type, visibility, data, TIME, version
FROM link_table2 FORCE INDEX (id1_type)
WHERE link_type = 3 AND id1 = 1 AND visibility = 4 AND
TIME >= 10 AND TIME <= 10
ORDER BY TIME DESC, id2 DESC LIMIT 0, 1000;
id1	id2	link_type	visibility	data	TIME	version
1	1	3	4	a10	10	125
SELECT id1, id2, link_type, visibility, data, TIME, version
FROM link_table2 FORCE INDEX (id1_type)
WHERE link_type = 3 AND id1 = 1 AND visibility = 4 AND
TIME >= 10 AND TIME <= 10
ORDER BY TIME DESC, id2 DESC LIMIT 0, 1000;
id1	id2	link_type	visibility	data	TIME	version
1	1	3	4	a10	10	125
SELECT /*+ bypass */ id1, id2, link_type, visibility, data, TIME, version
FROM link_table2 FORCE INDEX (id1_type)
WHERE link_type = 3 AND id1 = 1 AND visibility = 4 AND
TIME >= 9 AND TIME <= 12
ORDER BY TIME DESC, id2 DESC LIMIT 0, 1000;
id1	id2	link_type	visibility	data	TIME	version
1	7	3	4	a12	12	125
1	6	3	4	a12	12	125
1	4	3	4	a11	11	125
1	3	3	4	a11	11	125
1	1	3	4	a10	10	125
SELECT id1, id2, link_type, visibility, data, TIME, version
FROM link_table2 FORCE INDEX (id1_type)
WHERE link_type = 3 AND id1 = 1 AND visibility = 4 AND
TIME >= 9 AND TIME <= 12
ORDER BY TIME DESC, id2 DESC LIMIT 0, 1000;
id1	id2	link_type	visibility	data	TIME	version
1	7	3	4	a12	12	125
1	6	3	4	a12	12	125
1	4	3	4	a11	11	125
1	3	3	4	a11	11	125
1	1	3	4	a10	10	125
SELECT /*+ bypass */ id1, id2, link_type, visibility, data, TIME, version
FROM link_table2 FORCE INDEX (id1_type)
WHERE link_type = 3 AND id1 = 1 AND visibility = 4 AND
TIME >= 9 AND TIME <= 11
ORDER BY TIME DESC, id2 DESC LIMIT 0, 1000;
id1	id2	link_type	visibility	data	TIME	version
1	4	3	4	a11	11	125
1	3	3	4	a11	11	125
1	1	3	4	a10	10	125
SELECT id1, id2, link_type, visibility, data, TIME, version
FROM link_table2 FORCE INDEX (id1_type)
WHERE link_type = 3 AND id1 = 1 AND visibility = 4 AND
TIME >= 9 AND TIME <= 11
ORDER BY TIME DESC, id2 DESC LIMIT 0, 1000;
id1	id2	link_type	visibility	data	TIME	version
1	4	3	4	a11	11	125
1	3	3	4	a11	11	125
1	1	3	4	a10	10	125
SELECT /*+ bypass */ id1, id2, link_type, visibility, data, TIME, version
FROM link_table2 FORCE INDEX (id1_type)
WHERE link_type = 3 AND id1 = 1 AND visibility = 4 AND TIME >= 9
ORDER BY TIME DESC, id2 DESC LIMIT 0, 1000;
id1	id2	link_type	visibility	data	TIME	version
1	10	3	4	a15	15	125
1	9	3	4	a14	14	125
1	8	3	4	a13	13	125
1	7	3	4	a12	12	125
1	6	3	4	a12	12	125
1	4	3	4	a11	11	125
1	3	3	4	a11	11	125
1	1	3	4	a10	10	125
SELECT id1, id2, link_type, visibility, data, TIME, version
FROM link_table2 FORCE INDEX (id1_type)
WHERE link_type = 3 AND id1 = 1 AND visibility = 4 AND TIME >= 9
ORDER BY TIME DESC, id2 DESC LIMIT 0, 1000;
id1	id2	link_type	visibility	data	TIME	version
1	10	3	4	a15	15	125
1	9	3	4	a14	14	125
1	8	3	4	a13	13	125
1	7	3	4	a12	12	125
1	6	3	4	a12	12	125
1	4	3	4	a11	11	125
1	3	3	4	a11	11	125
1	1	3	4	a10	10	125
SELECT /*+ bypass */ id1, id2, link_type, visibility, data, TIME, version
FROM link_table2 FORCE INDEX (id1_type)
WHERE link_type = 3 AND id1 = 1 AND visibility = 4 AND TIME > 10
ORDER BY TIME DESC, id2 DESC LIMIT 0, 1000;
id1	id2	link_type	visibility	data	TIME	version
1	10	3	4	a15	15	125
1	9	3	4	a14	14	125
1	8	3	4	a13	13	125
1	7	3	4	a12	12	125
1	6	3	4	a12	12	125
1	4	3	4	a11	11	125
1	3	3	4	a11	11	125
SELECT id1, id2, link_type, visibility, data, TIME, version
FROM link_table2 FORCE INDEX (id1_type)
WHERE link_type = 3 AND id1 = 1 AND visibility = 4 AND TIME > 10
ORDER BY TIME DESC, id2 DESC LIMIT 0, 1000;
id1	id2	link_type	visibility	data	TIME	version
1	10	3	4	a15	15	125
1	9	3	4	a14	14	125
1	8	3	4	a13	13	125
1	7	3	4	a12	12	125
1	6	3	4	a12	12	125
1	4	3	4	a11	11	125
1	3	3	4	a11	11	125
SELECT /*+ bypass */ id1, id2, link_type, visibility, data, TIME, version
FROM link_table2 FORCE INDEX (id1_type)
WHERE link_type = 3 AND id1 = 1 AND visibility = 4 AND TIME >= 10
ORDER BY TIME DESC, id2 DESC LIMIT 0, 1000;
id1	id2	link_type	visibility	data	TIME	version
1	10	3	4	a15	15	125
1	9	3	4	a14	14	125
1	8	3	4	a13	13	125
1	7	3	4	a12	12	125
1	6	3	4	a12	12	125
1	4	3	4	a11	11	125
1	3	3	4	a11	11	125
1	1	3	4	a10	10	125
SELECT id1, id2, link_type, visibility, data, TIME, version
FROM link_table2 FORCE INDEX (id1_type)
WHERE link_type = 3 AND id1 = 1 AND visibility = 4 AND TIME >= 10
ORDER BY TIME DESC, id2 DESC LIMIT 0, 1000;
id1	id2	link_type	visibility	data	TIME	version
1	10	3	4	a15	15	125
1	9	3	4	a14	14	125
1	8	3	4	a13	13	125
1	7	3	4	a12	12	125
1	6	3	4	a12	12	125
1	4	3	4	a11	11	125
1	3	3	4	a11	11	125
1	1	3	4	a10	10	125
SELECT /*+ bypass */ id1, id2, link_type, visibility, data, TIME, version
FROM link_table2 FORCE INDEX (id1_type)
WHERE link_type = 3 AND id1 = 1 AND visibility = 4 AND TIME >= 15
ORDER BY TIME DESC, id2 DESC LIMIT 0, 1000;
id1	id2	link_type	visibility	data	TIME	version
1	10	3	4	a15	15	125
SELECT id1, id2, link_type, visibility, data, TIME, version
FROM link_table2 FORCE INDEX (id1_type)
WHERE link_type = 3 AND id1 = 1 AND visibility = 4 AND TIME >= 15
ORDER BY TIME DESC, id2 DESC LIMIT 0, 1000;
id1	id2	link_type	visibility	data	TIME	version
1	10	3	4	a15	15	125
SELECT /*+ bypass */ id1, id2, link_type, visibility, data, TIME, version
FROM link_table2 FORCE INDEX (id1_type)
WHERE link_type = 3 AND id1 = 1 AND visibility = 4 AND TIME > 15
ORDER BY TIME DESC, id2 DESC LIMIT 0, 1000;
id1	id2	link_type	visibility	data	TIME	version
SELECT id1, id2, link_type, visibility, data, TIME, version
FROM link_table2 FORCE INDEX (id1_type)
WHERE link_type = 3 AND id1 = 1 AND visibility = 4 AND TIME > 15
ORDER BY TIME DESC, id2 DESC LIMIT 0, 1000;
id1	id2	link_type	visibility	data	TIME	version
SELECT /*+ bypass */ id1, id2, link_type, visibility, data, TIME, version
FROM link_table2 FORCE INDEX (id1_type)
WHERE link_type = 3 AND id1 = 1 AND visibility = 4 AND TIME >= 16
ORDER BY TIME DESC, id2 DESC LIMIT 0, 1000;
id1	id2	link_type	visibility	data	TIME	version
SELECT id1, id2, link_type, visibility, data, TIME, version
FROM link_table2 FORCE INDEX (id1_type)
WHERE link_type = 3 AND id1 = 1 AND visibility = 4 AND TIME >= 16
ORDER BY TIME DESC, id2 DESC LIMIT 0, 1000;
id1	id2	link_type	visibility	data	TIME	version
SELECT /*+ bypass */ id1, id2, link_type, visibility, data, TIME, version
FROM link_table2 FORCE INDEX (id1_type)
WHERE link_type = 3 AND id1 = 1 AND visibility = 4 AND TIME > 16
ORDER BY TIME DESC, id2 DESC LIMIT 0, 1000;
id1	id2	link_type	visibility	data	TIME	version
SELECT id1, id2, link_type, visibility, data, TIME, version
FROM link_table2 FORCE INDEX (id1_type)
WHERE link_type = 3 AND id1 = 1 AND visibility = 4 AND TIME > 16
ORDER BY TIME DESC, id2 DESC LIMIT 0, 1000;
id1	id2	link_type	visibility	data	TIME	version
SELECT /*+ bypass */ id1, id2, link_type, visibility, data, TIME, version
FROM link_table2 FORCE INDEX (id1_type)
WHERE link_type = 3 AND id1 = 1 AND visibility = 4 AND
TIME >= 10 AND TIME <= 15
ORDER BY TIME DESC, id2 DESC LIMIT 0, 1000;
id1	id2	link_type	visibility	data	TIME	version
1	10	3	4	a15	15	125
1	9	3	4	a14	14	125
1	8	3	4	a13	13	125
1	7	3	4	a12	12	125
1	6	3	4	a12	12	125
1	4	3	4	a11	11	125
1	3	3	4	a11	11	125
1	1	3	4	a10	10	125
SELECT id1, id2, link_type, visibility, data, TIME, version
FROM link_table2 FORCE INDEX (id1_type)
WHERE link_type = 3 AND id1 = 1 AND visibility = 4 AND
TIME >= 10 AND TIME <= 15
ORDER BY TIME DESC, id2 DESC LIMIT 0, 1000;
id1	id2	link_type	visibility	data	TIME	version
1	10	3	4	a15	15	125
1	9	3	4	a14	14	125
1	8	3	4	a13	13	125
1	7	3	4	a12	12	125
1	6	3	4	a12	12	125
1	4	3	4	a11	11	125
1	3	3	4	a11	11	125
1	1	3	4	a10	10	125
SELECT /*+ bypass */ id1, id2, link_type, visibility, data, TIME, version
FROM link_table2 FORCE INDEX (id1_type)
WHERE link_type = 3 AND id1 = 1 AND visibility = 4 AND
TIME >= 7 AND TIME <= 8
ORDER BY TIME DESC, id2 DESC LIMIT 0, 1000;
id1	id2	link_type	visibility	data	TIME	version
SELECT id1, id2, link_type, visibility, data, TIME, version
FROM link_table2 FORCE INDEX (id1_type)
WHERE link_type = 3 AND id1 = 1 AND visibility = 4 AND
TIME >= 7 AND TIME <= 8
ORDER BY TIME DESC, id2 DESC LIMIT 0, 1000;
id1	id2	link_type	visibility	data	TIME	version
SELECT /*+ bypass */ id1, id2, link_type, visibility, data, TIME, version
FROM link_table2 FORCE INDEX (id1_type)
WHERE link_type = 5 AND id1 = 1 AND visibility = 4 AND
TIME >= 10 AND TIME <= 15
ORDER BY TIME DESC, id2 DESC LIMIT 0, 1000;
id1	id2	link_type	visibility	data	TIME	version
SELECT id1, id2, link_type, visibility, data, TIME, version
FROM link_table2 FORCE INDEX (id1_type)
WHERE link_type = 5 AND id1 = 1 AND visibility = 4 AND
TIME >= 10 AND TIME <= 15
ORDER BY TIME DESC, id2 DESC LIMIT 0, 1000;
id1	id2	link_type	visibility	data	TIME	version
SELECT /*+ bypass */ id1, id2, link_type, visibility, data, TIME, version
FROM link_table2 FORCE INDEX (id1_type)
WHERE link_type = 3 AND id1 = 1
ORDER BY visibility DESC LIMIT 0, 1000;
id1	id2	link_type	visibility	data	TIME	version
1	10	3	4	a15	15	125
1	9	3	4	a14	14	125
1	8	3	4	a13	13	125
1	7	3	4	a12	12	125
1	6	3	4	a12	12	125
1	4	3	4	a11	11	125
1	3	3	4	a11	11	125
1	1	3	4	a10	10	125
1	5	3	3	a12	12	125
1	2	3	3	a10	10	125
SELECT id1, id2, link_type, visibility, data, TIME, version
FROM link_table2 FORCE INDEX (id1_type)
WHERE link_type = 3 AND id1 = 1
ORDER BY visibility DESC LIMIT 0, 1000;
id1	id2	link_type	visibility	data	TIME	version
1	10	3	4	a15	15	125
1	9	3	4	a14	14	125
1	8	3	4	a13	13	125
1	7	3	4	a12	12	125
1	6	3	4	a12	12	125
1	4	3	4	a11	11	125
1	3	3	4	a11	11	125
1	1	3	4	a10	10	125
1	5	3	3	a12	12	125
1	2	3	3	a10	10	125
SELECT /*+ bypass */ id1, id2, link_type, visibility, data, TIME, version
FROM link_table2 FORCE INDEX (id1_type)
WHERE id1 = 1
ORDER BY link_type DESC, visibility DESC LIMIT 0, 1000;
id1	id2	link_type	visibility	data	TIME	version
1	10	3	4	a15	15	125
1	9	3	4	a14	14	125
1	8	3	4	a13	13	125
1	7	3	4	a12	12	125
1	6	3	4	a12	12	125
1	4	3	4	a11	11	125
1	3	3	4	a11	11	125
1	1	3	4	a10	10	125
1	5	3	3	a12	12	125
1	2	3	3	a10	10	125
SELECT id1, id2, link_type, visibility, data, TIME, version
FROM link_table2 FORCE INDEX (id1_type)
WHERE id1 = 1
ORDER BY link_type DESC, visibility DESC LIMIT 0, 1000;
id1	id2	link_type	visibility	data	TIME	version
1	10	3	4	a15	15	125
1	9	3	4	a14	14	125
1	8	3	4	a13	13	125
1	7	3	4	a12	12	125
1	6	3	4	a12	12	125
1	4	3	4	a11	11	125
1	3	3	4	a11	11	125
1	1	3	4	a10	10	125
1	5	3	3	a12	12	125
1	2	3	3	a10	10	125
SELECT /*+ bypass */ id1, id2, link_type, visibility, data, TIME, version
FROM link_table2 FORCE INDEX (id1_type)
WHERE link_type = 3 AND id1 = 3 AND visibility = 4 AND
TIME >= 10 AND TIME <= 15
ORDER BY TIME DESC, id2 DESC LIMIT 0, 1000;
id1	id2	link_type	visibility	data	TIME	version
3	1	3	4	a15	15	125
3	2	3	4	a14	14	125
3	3	3	4	a13	13	125
3	6	3	4	a12	12	125
3	5	3	4	a12	12	125
3	4	3	4	a12	12	125
3	8	3	4	a11	11	125
3	7	3	4	a11	11	125
3	10	3	4	a10	10	125
3	9	3	4	a10	10	125
SELECT id1, id2, link_type, visibility, data, TIME, version
FROM link_table2 FORCE INDEX (id1_type)
WHERE link_type = 3 AND id1 = 3 AND visibility = 4 AND
TIME >= 10 AND TIME <= 15
ORDER BY TIME DESC, id2 DESC LIMIT 0, 1000;
id1	id2	link_type	visibility	data	TIME	version
3	1	3	4	a15	15	125
3	2	3	4	a14	14	125
3	3	3	4	a13	13	125
3	6	3	4	a12	12	125
3	5	3	4	a12	12	125
3	4	3	4	a12	12	125
3	8	3	4	a11	11	125
3	7	3	4	a11	11	125
3	10	3	4	a10	10	125
3	9	3	4	a10	10	125
# column family + ascending
SELECT /*+ bypass */ id1, id2, link_type, visibility, data, TIME, version
FROM link_table2 FORCE INDEX (id1_type)
WHERE link_type = 3 AND id1 = 1 AND visibility = 3 AND TIME = 10
ORDER BY TIME ASC, id2 ASC LIMIT 0, 1000;
id1	id2	link_type	visibility	data	TIME	version
1	2	3	3	a10	10	125
SELECT id1, id2, link_type, visibility, data, TIME, version
FROM link_table2 FORCE INDEX (id1_type)
WHERE link_type = 3 AND id1 = 1 AND visibility = 3 AND TIME = 10
ORDER BY TIME ASC, id2 ASC LIMIT 0, 1000;
id1	id2	link_type	visibility	data	TIME	version
1	2	3	3	a10	10	125
SELECT /*+ bypass */ id1, id2, link_type, visibility, data, TIME, version
FROM link_table2 FORCE INDEX (id1_type)
WHERE link_type = 3 AND id1 = 1 AND visibility = 3 AND
TIME >= 10 AND TIME <= 10
ORDER BY TIME ASC, id2 ASC LIMIT 0, 1000;
id1	id2	link_type	visibility	data	TIME	version
1	2	3	3	a10	10	125
SELECT id1, id2, link_type, visibility, data, TIME, version
FROM link_table2 FORCE INDEX (id1_type)
WHERE link_type = 3 AND id1 = 1 AND visibility = 3 AND
TIME >= 10 AND TIME <= 10
ORDER BY TIME ASC, id2 ASC LIMIT 0, 1000;
id1	id2	link_type	visibility	data	TIME	version
1	2	3	3	a10	10	125
SELECT /*+ bypass */ id1, id2, link_type, visibility, data, TIME, version
FROM link_table2 FORCE INDEX (id1_type)
WHERE link_type = 3 AND id1 = 1 AND visibility = 4 AND
TIME >= 10 AND TIME <= 10
ORDER BY TIME ASC, id2 ASC LIMIT 0, 1000;
id1	id2	link_type	visibility	data	TIME	version
1	1	3	4	a10	10	125
SELECT id1, id2, link_type, visibility, data, TIME, version
FROM link_table2 FORCE INDEX (id1_type)
WHERE link_type = 3 AND id1 = 1 AND visibility = 4 AND
TIME >= 10 AND TIME <= 10
ORDER BY TIME ASC, id2 ASC LIMIT 0, 1000;
id1	id2	link_type	visibility	data	TIME	version
1	1	3	4	a10	10	125
SELECT /*+ bypass */ id1, id2, link_type, visibility, data, TIME, version
FROM link_table2 FORCE INDEX (id1_type)
WHERE link_type = 3 AND id1 = 1 AND visibility = 4 AND
TIME >= 9 AND TIME <= 12
ORDER BY TIME ASC, id2 ASC LIMIT 0, 1000;
id1	id2	link_type	visibility	data	TIME	version
1	1	3	4	a10	10	125
1	3	3	4	a11	11	125
1	4	3	4	a11	11	125
1	6	3	4	a12	12	125
1	7	3	4	a12	12	125
SELECT id1, id2, link_type, visibility, data, TIME, version
FROM link_table2 FORCE INDEX (id1_type)
WHERE link_type = 3 AND id1 = 1 AND visibility = 4 AND
TIME >= 9 AND TIME <= 12
ORDER BY TIME ASC, id2 ASC LIMIT 0, 1000;
id1	id2	link_type	visibility	data	TIME	version
1	1	3	4	a10	10	125
1	3	3	4	a11	11	125
1	4	3	4	a11	11	125
1	6	3	4	a12	12	125
1	7	3	4	a12	12	125
SELECT /*+ bypass */ id1, id2, link_type, visibility, data, TIME, version
FROM link_table2 FORCE INDEX (id1_type)
WHERE link_type = 3 AND id1 = 1 AND visibility = 4 AND
TIME >= 9 AND TIME <= 11
ORDER BY TIME ASC, id2 ASC LIMIT 0, 1000;
id1	id2	link_type	visibility	data	TIME	version
1	1	3	4	a10	10	125
1	3	3	4	a11	11	125
1	4	3	4	a11	11	125
SELECT id1, id2, link_type, visibility, data, TIME, version
FROM link_table2 FORCE INDEX (id1_type)
WHERE link_type = 3 AND id1 = 1 AND visibility = 4 AND
TIME >= 9 AND TIME <= 11
ORDER BY TIME ASC, id2 ASC LIMIT 0, 1000;
id1	id2	link_type	visibility	data	TIME	version
1	1	3	4	a10	10	125
1	3	3	4	a11	11	125
1	4	3	4	a11	11	125
SELECT /*+ bypass */ id1, id2, link_type, visibility, data, TIME, version
FROM link_table2 FORCE INDEX (id1_type)
WHERE link_type = 3 AND id1 = 1 AND visibility = 4 AND TIME >= 9
ORDER BY TIME ASC, id2 ASC LIMIT 0, 1000;
id1	id2	link_type	visibility	data	TIME	version
1	1	3	4	a10	10	125
1	3	3	4	a11	11	125
1	4	3	4	a11	11	125
1	6	3	4	a12	12	125
1	7	3	4	a12	12	125
1	8	3	4	a13	13	125
1	9	3	4	a14	14	125
1	10	3	4	a15	15	125
SELECT id1, id2, link_type, visibility, data, TIME, version
FROM link_table2 FORCE INDEX (id1_type)
WHERE link_type = 3 AND id1 = 1 AND visibility = 4 AND TIME >= 9
ORDER BY TIME ASC, id2 ASC LIMIT 0, 1000;
id1	id2	link_type	visibility	data	TIME	version
1	1	3	4	a10	10	125
1	3	3	4	a11	11	125
1	4	3	4	a11	11	125
1	6	3	4	a12	12	125
1	7	3	4	a12	12	125
1	8	3	4	a13	13	125
1	9	3	4	a14	14	125
1	10	3	4	a15	15	125
SELECT /*+ bypass */ id1, id2, link_type, visibility, data, TIME, version
FROM link_table2 FORCE INDEX (id1_type)
WHERE link_type = 3 AND id1 = 1 AND visibility = 4 AND TIME > 10
ORDER BY TIME ASC, id2 ASC LIMIT 0, 1000;
id1	id2	link_type	visibility	data	TIME	version
1	3	3	4	a11	11	125
1	4	3	4	a11	11	125
1	6	3	4	a12	12	125
1	7	3	4	a12	12	125
1	8	3	4	a13	13	125
1	9	3	4	a14	14	125
1	10	3	4	a15	15	125
SELECT id1, id2, link_type, visibility, data, TIME, version
FROM link_table2 FORCE INDEX (id1_type)
WHERE link_type = 3 AND id1 = 1 AND visibility = 4 AND TIME > 10
ORDER BY TIME ASC, id2 ASC LIMIT 0, 1000;
id1	id2	link_type	visibility	data	TIME	version
1	3	3	4	a11	11	125
1	4	3	4	a11	11	125
1	6	3	4	a12	12	125
1	7	3	4	a12	12	125
1	8	3	4	a13	13	125
1	9	3	4	a14	14	125
1	10	3	4	a15	15	125
SELECT /*+ bypass */ id1, id2, link_type, visibility, data, TIME, version
FROM link_table2 FORCE INDEX (id1_type)
WHERE link_type = 3 AND id1 = 1 AND visibility = 4 AND TIME >= 10
ORDER BY TIME ASC, id2 ASC LIMIT 0, 1000;
id1	id2	link_type	visibility	data	TIME	version
1	1	3	4	a10	10	125
1	3	3	4	a11	11	125
1	4	3	4	a11	11	125
1	6	3	4	a12	12	125
1	7	3	4	a12	12	125
1	8	3	4	a13	13	125
1	9	3	4	a14	14	125
1	10	3	4	a15	15	125
SELECT id1, id2, link_type, visibility, data, TIME, version
FROM link_table2 FORCE INDEX (id1_type)
WHERE link_type = 3 AND id1 = 1 AND visibility = 4 AND TIME >= 10
ORDER BY TIME ASC, id2 ASC LIMIT 0, 1000;
id1	id2	link_type	visibility	data	TIME	version
1	1	3	4	a10	10	125
1	3	3	4	a11	11	125
1	4	3	4	a11	11	125
1	6	3	4	a12	12	125
1	7	3	4	a12	12	125
1	8	3	4	a13	13	125
1	9	3	4	a14	14	125
1	10	3	4	a15	15	125
SELECT /*+ bypass */ id1, id2, link_type, visibility, data, TIME, version
FROM link_table2 FORCE INDEX (id1_type)
WHERE link_type = 3 AND id1 = 1 AND visibility = 4 AND TIME >= 15
ORDER BY TIME ASC, id2 ASC LIMIT 0, 1000;
id1	id2	link_type	visibility	data	TIME	version
1	10	3	4	a15	15	125
SELECT id1, id2, link_type, visibility, data, TIME, version
FROM link_table2 FORCE INDEX (id1_type)
WHERE link_type = 3 AND id1 = 1 AND visibility = 4 AND TIME >= 15
ORDER BY TIME ASC, id2 ASC LIMIT 0, 1000;
id1	id2	link_type	visibility	data	TIME	version
1	10	3	4	a15	15	125
SELECT /*+ bypass */ id1, id2, link_type, visibility, data, TIME, version
FROM link_table2 FORCE INDEX (id1_type)
WHERE link_type = 3 AND id1 = 1 AND visibility = 4 AND TIME > 15
ORDER BY TIME ASC, id2 ASC LIMIT 0, 1000;
id1	id2	link_type	visibility	data	TIME	version
SELECT id1, id2, link_type, visibility, data, TIME, version
FROM link_table2 FORCE INDEX (id1_type)
WHERE link_type = 3 AND id1 = 1 AND visibility = 4 AND TIME > 15
ORDER BY TIME ASC, id2 ASC LIMIT 0, 1000;
id1	id2	link_type	visibility	data	TIME	version
SELECT /*+ bypass */ id1, id2, link_type, visibility, data, TIME, version
FROM link_table2 FORCE INDEX (id1_type)
WHERE link_type = 3 AND id1 = 1 AND visibility = 4 AND TIME >= 16
ORDER BY TIME ASC, id2 ASC LIMIT 0, 1000;
id1	id2	link_type	visibility	data	TIME	version
SELECT id1, id2, link_type, visibility, data, TIME, version
FROM link_table2 FORCE INDEX (id1_type)
WHERE link_type = 3 AND id1 = 1 AND visibility = 4 AND TIME >= 16
ORDER BY TIME ASC, id2 ASC LIMIT 0, 1000;
id1	id2	link_type	visibility	data	TIME	version
SELECT /*+ bypass */ id1, id2, link_type, visibility, data, TIME, version
FROM link_table2 FORCE INDEX (id1_type)
WHERE link_type = 3 AND id1 = 1 AND visibility = 4 AND TIME > 16
ORDER BY TIME ASC, id2 ASC LIMIT 0, 1000;
id1	id2	link_type	visibility	data	TIME	version
SELECT id1, id2, link_type, visibility, data, TIME, version
FROM link_table2 FORCE INDEX (id1_type)
WHERE link_type = 3 AND id1 = 1 AND visibility = 4 AND TIME > 16
ORDER BY TIME ASC, id2 ASC LIMIT 0, 1000;
id1	id2	link_type	visibility	data	TIME	version
SELECT /*+ bypass */ id1, id2, link_type, visibility, data, TIME, version
FROM link_table2 FORCE INDEX (id1_type)
WHERE link_type = 3 AND id1 = 1 AND visibility = 4 AND
TIME >= 10 AND TIME <= 15
ORDER BY TIME ASC, id2 ASC LIMIT 0, 1000;
id1	id2	link_type	visibility	data	TIME	version
1	1	3	4	a10	10	125
1	3	3	4	a11	11	125
1	4	3	4	a11	11	125
1	6	3	4	a12	12	125
1	7	3	4	a12	12	125
1	8	3	4	a13	13	125
1	9	3	4	a14	14	125
1	10	3	4	a15	15	125
SELECT id1, id2, link_type, visibility, data, TIME, version
FROM link_table2 FORCE INDEX (id1_type)
WHERE link_type = 3 AND id1 = 1 AND visibility = 4 AND
TIME >= 10 AND TIME <= 15
ORDER BY TIME ASC, id2 ASC LIMIT 0, 1000;
id1	id2	link_type	visibility	data	TIME	version
1	1	3	4	a10	10	125
1	3	3	4	a11	11	125
1	4	3	4	a11	11	125
1	6	3	4	a12	12	125
1	7	3	4	a12	12	125
1	8	3	4	a13	13	125
1	9	3	4	a14	14	125
1	10	3	4	a15	15	125
SELECT /*+ bypass */ id1, id2, link_type, visibility, data, TIME, version
FROM link_table2 FORCE INDEX (id1_type)
WHERE link_type = 3 AND id1 = 1 AND visibility = 4 AND
TIME >= 7 AND TIME <= 8
ORDER BY TIME ASC, id2 ASC LIMIT 0, 1000;
id1	id2	link_type	visibility	data	TIME	version
SELECT id1, id2, link_type, visibility, data, TIME, version
FROM link_table2 FORCE INDEX (id1_type)
WHERE link_type = 3 AND id1 = 1 AND visibility = 4 AND
TIME >= 7 AND TIME <= 8
ORDER BY TIME ASC, id2 ASC LIMIT 0, 1000;
id1	id2	link_type	visibility	data	TIME	version
SELECT /*+ bypass */ id1, id2, link_type, visibility, data, TIME, version
FROM link_table2 FORCE INDEX (id1_type)
WHERE link_type = 5 AND id1 = 1 AND visibility = 4 AND
TIME >= 10 AND TIME <= 15
ORDER BY TIME ASC, id2 ASC LIMIT 0, 1000;
id1	id2	link_type	visibility	data	TIME	version
SELECT id1, id2, link_type, visibility, data, TIME, version
FROM link_table2 FORCE INDEX (id1_type)
WHERE link_type = 5 AND id1 = 1 AND visibility = 4 AND
TIME >= 10 AND TIME <= 15
ORDER BY TIME ASC, id2 ASC LIMIT 0, 1000;
id1	id2	link_type	visibility	data	TIME	version
SELECT /*+ bypass */ id1, id2, link_type, visibility, data, TIME, version
FROM link_table2 FORCE INDEX (id1_type)
WHERE link_type = 3 AND id1 = 1
ORDER BY visibility ASC LIMIT 0, 1000;
id1	id2	link_type	visibility	data	TIME	version
1	2	3	3	a10	10	125
1	5	3	3	a12	12	125
1	1	3	4	a10	10	125
1	3	3	4	a11	11	125
1	4	3	4	a11	11	125
1	6	3	4	a12	12	125
1	7	3	4	a12	12	125
1	8	3	4	a13	13	125
1	9	3	4	a14	14	125
1	10	3	4	a15	15	125
SELECT id1, id2, link_type, visibility, data, TIME, version
FROM link_table2 FORCE INDEX (id1_type)
WHERE link_type = 3 AND id1 = 1
ORDER BY visibility ASC LIMIT 0, 1000;
id1	id2	link_type	visibility	data	TIME	version
1	2	3	3	a10	10	125
1	5	3	3	a12	12	125
1	1	3	4	a10	10	125
1	3	3	4	a11	11	125
1	4	3	4	a11	11	125
1	6	3	4	a12	12	125
1	7	3	4	a12	12	125
1	8	3	4	a13	13	125
1	9	3	4	a14	14	125
1	10	3	4	a15	15	125
SELECT /*+ bypass */ id1, id2, link_type, visibility, data, TIME, version
FROM link_table2 FORCE INDEX (id1_type)
WHERE id1 = 1
ORDER BY link_type ASC, visibility ASC LIMIT 0, 1000;
id1	id2	link_type	visibility	data	TIME	version
1	2	3	3	a10	10	125
1	5	3	3	a12	12	125
1	1	3	4	a10	10	125
1	3	3	4	a11	11	125
1	4	3	4	a11	11	125
1	6	3	4	a12	12	125
1	7	3	4	a12	12	125
1	8	3	4	a13	13	125
1	9	3	4	a14	14	125
1	10	3	4	a15	15	125
SELECT id1, id2, link_type, visibility, data, TIME, version
FROM link_table2 FORCE INDEX (id1_type)
WHERE id1 = 1
ORDER BY link_type ASC, visibility ASC LIMIT 0, 1000;
id1	id2	link_type	visibility	data	TIME	version
1	2	3	3	a10	10	125
1	5	3	3	a12	12	125
1	1	3	4	a10	10	125
1	3	3	4	a11	11	125
1	4	3	4	a11	11	125
1	6	3	4	a12	12	125
1	7	3	4	a12	12	125
1	8	3	4	a13	13	125
1	9	3	4	a14	14	125
1	10	3	4	a15	15	125
# Range query, flag = 1
# Ascending
SELECT /*+ bypass */ id1, id2, link_type, visibility, data, TIME, version
FROM link_table5 FORCE INDEX (PRIMARY)
WHERE link_type = 1 AND id1 = 1 AND visibility = 1
ORDER BY id2 ASC LIMIT 1000;
id1	id2	link_type	visibility	data	TIME	version
1	2	1	1	data12	1	1
1	5	1	1	data15	1	1
SELECT /*+ bypass */ id1, id2, link_type, visibility, data, TIME, version
FROM link_table5 FORCE INDEX (PRIMARY)
WHERE link_type = 1 AND id1 = 1 AND visibility = 2
ORDER BY id2 ASC LIMIT 1000;
id1	id2	link_type	visibility	data	TIME	version
1	3	1	2	data13	1	1
1	4	1	2	data14	1	1
SELECT /*+ bypass */ id1, id2, link_type, visibility, data, TIME, version
FROM link_table5 FORCE INDEX (PRIMARY)
WHERE link_type = 1 AND id1 = 1 AND visibility = 3
ORDER BY id2 ASC LIMIT 1000;
id1	id2	link_type	visibility	data	TIME	version
SELECT /*+ bypass */ id1, id2, link_type, visibility, data, TIME, version
FROM link_table5 FORCE INDEX (PRIMARY)
WHERE link_type = 1 AND id1 = 2 AND visibility = 1
ORDER BY id2 ASC LIMIT 1000;
id1	id2	link_type	visibility	data	TIME	version
2	1	1	1	data21	1	1
2	2	1	1	data22	1	1
2	3	1	1	data32	1	1
SELECT /*+ bypass */ id1, id2, link_type, visibility, data, TIME, version
FROM link_table5 FORCE INDEX (PRIMARY)
WHERE link_type = 1 AND id1 = 2 AND visibility = 2
ORDER BY id2 ASC LIMIT 1000;
id1	id2	link_type	visibility	data	TIME	version
# Dscending
SELECT /*+ bypass */ id1, id2, link_type, visibility, data, TIME, version
FROM link_table5 FORCE INDEX (PRIMARY)
WHERE link_type = 1 AND id1 = 1 AND visibility = 1
ORDER BY id2 DESC LIMIT 1000;
id1	id2	link_type	visibility	data	TIME	version
1	5	1	1	data15	1	1
1	2	1	1	data12	1	1
SELECT /*+ bypass */ id1, id2, link_type, visibility, data, TIME, version
FROM link_table5 FORCE INDEX (PRIMARY)
WHERE link_type = 1 AND id1 = 1 AND visibility = 2
ORDER BY id2 DESC LIMIT 1000;
id1	id2	link_type	visibility	data	TIME	version
1	4	1	2	data14	1	1
1	3	1	2	data13	1	1
SELECT /*+ bypass */ id1, id2, link_type, visibility, data, TIME, version
FROM link_table5 FORCE INDEX (PRIMARY)
WHERE link_type = 1 AND id1 = 1 AND visibility = 3
ORDER BY id2 DESC LIMIT 1000;
id1	id2	link_type	visibility	data	TIME	version
SELECT /*+ bypass */ id1, id2, link_type, visibility, data, TIME, version
FROM link_table5 FORCE INDEX (PRIMARY)
WHERE link_type = 1 AND id1 = 2 AND visibility = 1
ORDER BY id2 DESC LIMIT 1000;
id1	id2	link_type	visibility	data	TIME	version
2	3	1	1	data32	1	1
2	2	1	1	data22	1	1
2	1	1	1	data21	1	1
SELECT /*+ bypass */ id1, id2, link_type, visibility, data, TIME, version
FROM link_table5 FORCE INDEX (PRIMARY)
WHERE link_type = 1 AND id1 = 2 AND visibility = 2
ORDER BY id2 DESC LIMIT 1000;
id1	id2	link_type	visibility	data	TIME	version
# Range query, binary key
SELECT /*+ bypass */ id1, id2, link_type, visibility, data, time, version
FROM link_table4 FORCE INDEX (id1_type)
WHERE link_type = 1 AND id1 = "a1\0\0\0\0\0\0\0\0\0\0\0\0\0\0" AND
visibility = 1  AND time >= 0 AND time <= 4294967295
ORDER BY time DESC, id2 DESC LIMIT 0, 1000;
id1	id2	link_type	visibility	data	time	version
a1              	5	1	1	data15	1	1
a1              	2	1	1	data12	1	1
SELECT /*+ bypass */ id1, id2, link_type, visibility, data, time, version
FROM link_table4 FORCE INDEX (id1_type)
WHERE link_type = 1 AND id1 = "a1\0\0\0\0\0\0\0\0\0\0\0\0\0\0" AND
visibility = 1  AND time >= 0 AND time <= 4294967295
ORDER BY time ASC, id2 ASC LIMIT 0, 1000;
id1	id2	link_type	visibility	data	time	version
a1              	2	1	1	data12	1	1
a1              	5	1	1	data15	1	1
# Point query, flag = 0
SELECT /*+ bypass */ id, type, version, update_time, data
FROM node_table FORCE INDEX (PRIMARY)
WHERE id IN (1, 2, 3, 4, 5) AND type = 1;
id	type	version	update_time	data
1	1	1	10	data
2	1	1	10	data
3	1	1	10	data
4	1	1	10	data
5	1	1	10	data
SELECT /*+ bypass */ id, type, version, update_time, data
FROM node_table FORCE INDEX (PRIMARY)
WHERE id IN (1) AND type = 1;
id	type	version	update_time	data
1	1	1	10	data
SELECT /*+ bypass */ id, type, version, update_time, data
FROM node_table FORCE INDEX (PRIMARY)
WHERE id = 2 AND type = 1;
id	type	version	update_time	data
2	1	1	10	data
# Point query, flag = 1
SELECT /*+ bypass */ id, type, row_created_time, is_deleted
FROM id_table FORCE INDEX (PRIMARY)
WHERE id IN (1, 2, 3, 4, 5);
id	type	row_created_time	is_deleted
1	1	10	0
2	1	10	1
3	1	10	0
4	1	10	1
5	1	10	0
SELECT /*+ bypass */ id, type, row_created_time, is_deleted
FROM id_table FORCE INDEX (PRIMARY)
WHERE id IN (1);
id	type	row_created_time	is_deleted
1	1	10	0
SELECT /*+ bypass */ id, type, row_created_time, is_deleted
FROM id_table FORCE INDEX (PRIMARY)
WHERE id = 1;
id	type	row_created_time	is_deleted
1	1	10	0
# Point query, flag = 2
SELECT /*+ bypass */ id, type, link_type, count, TIME, version
FROM count_table
WHERE id = 2 AND link_type = 1;
id	type	link_type	count	TIME	version
2	1	1	1	10	20
# Bugs found when debugging real production scenarios
SELECT /*+ bypass */ id1, id2, link_type, visibility, data, time, version
FROM link_table3 FORCE INDEX (id1_type)
WHERE link_type = 1 AND id1 = 1 AND visibility = 1
AND time >= 0 AND time <= 4294967295
ORDER BY time DESC, id2 DESC LIMIT 0, 10000;
id1	id2	link_type	visibility	data	time	version
1	5	1	1	data15	1	1
1	2	1	1	data12	1	1
SELECT /*+ bypass */ data from link_table6 FORCE INDEX (id1_type) where id1=1;
data
data12_123456789012345678901234567890123456789012345678901234567890123456789012345678901234567890123456789012345678901234567890123456789012345678901234567890123456789012345678901234567890123456789012345678901234567890123456789012345678901234567890123456789012345678901234567890123456789012345678901234567890
data15_123456789012345678901234567890123456789012345678901234567890123456789012345678901234567890123456789012345678901234567890123456789012345678901234567890123456789012345678901234567890123456789012345678901234567890123456789012345678901234567890123456789012345678901234567890123456789012345678901234567890
data13_123456789012345678901234567890123456789012345678901234567890123456789012345678901234567890123456789012345678901234567890123456789012345678901234567890123456789012345678901234567890123456789012345678901234567890123456789012345678901234567890123456789012345678901234567890123456789012345678901234567890
data14_123456789012345678901234567890123456789012345678901234567890123456789012345678901234567890123456789012345678901234567890123456789012345678901234567890123456789012345678901234567890123456789012345678901234567890123456789012345678901234567890123456789012345678901234567890123456789012345678901234567890
SELECT /*+ bypass */ id1, id2, link_type, visibility, data, time, version
FROM link_table FORCE INDEX (id1_type)
WHERE link_type = 1 AND id1 = 1 AND visibility = 0 AND time >= 1551074583 AND
time >= 0 AND time <= 4294967295
ORDER BY time DESC, id2 DESC LIMIT 0, 500;
id1	id2	link_type	visibility	data	time	version
SELECT /*+ bypass */ id1, id2, link_type, visibility, data, time, version
FROM link_table FORCE INDEX (id1_type)
WHERE link_type = 1 AND id1 = 1 AND visibility = 0 AND time >= 1551074583
ORDER BY time DESC, id2 DESC LIMIT 0, 500;
id1	id2	link_type	visibility	data	time	version
SELECT /*+ bypass */ id1, id1_type, id2, id2_type FROM link_table
WHERE link_type=3 and id1 in (1, 2, 3);
id1	id1_type	id2	id2_type
1	1	1	2
1	1	2	2
1	1	3	2
1	1	4	2
1	1	5	2
1	1	6	2
1	1	7	2
1	1	8	2
1	1	9	2
1	1	10	2
2	1	1	2
2	1	2	2
2	1	3	2
2	1	4	2
2	1	5	2
2	1	6	2
2	1	7	2
2	1	8	2
2	1	9	2
2	1	10	2
3	1	1	2
3	1	2	2
3	1	3	2
3	1	4	2
3	1	5	2
3	1	6	2
3	1	7	2
3	1	8	2
3	1	9	2
3	1	10	2
SELECT /*+ bypass */ id1, id1_type, id2, id2_type from link_table
WHERE link_type=3 and id1 IN (1, 2, 3) and id2=1;
id1	id1_type	id2	id2_type
1	1	1	2
2	1	1	2
3	1	1	2
SELECT /*+ bypass */ id1, id1_type, id2, id2_type from link_table
WHERE link_type=3 and id1 IN (1, 2, 3) and id2 IN (3, 4, 5);
id1	id1_type	id2	id2_type
1	1	3	2
1	1	4	2
1	1	5	2
2	1	3	2
2	1	4	2
2	1	5	2
3	1	3	2
3	1	4	2
3	1	5	2
SELECT /*+ bypass */ id1, id2, data, version, time
FROM link_table FORCE INDEX (id1_type)
WHERE id1=9 and link_type=5;
id1	id2	data	version	time
9	9	0  	125	10
9	7	012  	125	11
9	8	01  	125	11
9	4	012345  	125	12
9	5	01234  	125	12
9	6	0123  	125	12
9	3	0123456  	125	13
9	2	01234567  	125	14
9	0	0123456789  	125	15
9	1	012345678  	125	15
SELECT /*+ bypass */ id, type, version, update_time, data
FROM node_table FORCE INDEX (PRIMARY)
WHERE id IN (5, 5, 5, 5, 5) AND type = 1;
id	type	version	update_time	data
5	1	1	10	data
SELECT /*+ bypass */ id, type, version, update_time, data
FROM node_table FORCE INDEX (PRIMARY)
WHERE id IN (5, 4, 3, 2, 1) AND type = 1;
id	type	version	update_time	data
1	1	1	10	data
2	1	1	10	data
3	1	1	10	data
4	1	1	10	data
5	1	1	10	data
SELECT /*+ bypass */ id, type, version, update_time, data
FROM node_table FORCE INDEX (PRIMARY)
WHERE id IN (5, 4, 3, 2, 1) AND type = 1 ORDER BY id DESC;
id	type	version	update_time	data
5	1	1	10	data
4	1	1	10	data
3	1	1	10	data
2	1	1	10	data
1	1	1	10	data
SELECT /*+ bypass */ id1, id2, data, time, version FROM link_table5
WHERE link_type=1 and id1=2 and id2 > 1;
id1	id2	data	time	version
2	2	data22	1	1
2	3	data32	1	1
SELECT /*+ bypass */ id1, id2, data, time, version FROM link_table5
WHERE link_type=1 and id1=2 and id2 >= 1;
id1	id2	data	time	version
2	1	data21	1	1
2	2	data22	1	1
2	3	data32	1	1
# Range query with PK key only
SELECT /*+ bypass */ id2 FROM link_table5
WHERE link_type=1 and id1=2 and id2=1;
id2
1
SELECT /*+ bypass */ id2 FROM link_table5
WHERE link_type=1 and id1=2 and id2=1;
id2
1
# Range query with PK key only with filters
SELECT /*+ bypass */ id2 FROM link_table5
WHERE link_type=1 and id1=2 and id2 > 1;
id2
2
3
SELECT /*+ bypass */ id2 FROM link_table5
WHERE link_type=1 and id1=2 and id2 >= 1;
id2
1
2
3
CREATE TABLE `link_table7` (
`id1` bigint(20) unsigned NOT NULL DEFAULT '0' ,
`id1_type` int(10) unsigned NOT NULL DEFAULT '0' ,
`id2` bigint(20) unsigned NOT NULL DEFAULT '0' ,
`id2_type` int(10) unsigned NOT NULL DEFAULT '0' ,
`link_type` bigint(20) unsigned NOT NULL DEFAULT '0' ,
`visibility` tinyint(3) NOT NULL DEFAULT '0' ,
`data` varchar(255) COLLATE latin1_bin NOT NULL DEFAULT '' ,
`time` int(10) unsigned NOT NULL DEFAULT '0' ,
`version` bigint(20) unsigned NOT NULL DEFAULT '0' ,
PRIMARY KEY (`link_type` , `id1` , `id2`) COMMENT 'cf_link' ,
KEY `id1_type` (`id1`,`link_type`,`visibility`,`time`,`id2`,`version`,`data`)
COMMENT 'rev:cf_assoc_id1_type'
) ENGINE=ROCKSDB DEFAULT CHARSET=latin1 COLLATE=latin1_bin
ROW_FORMAT=COMPRESSED KEY_BLOCK_SIZE=8;
insert into link_table7 values (9223372036854775807, 100, 9223372036854775801,
100, 9223372036854775807, 0,
'data1', 1234561, 9223372036854775801);
insert into link_table7 values (9223372036854775807, 100, 1223372036854775802,
100, 9223372036854775807, 0,
'0123456789012345678901234567890123456789012345678901234567890123456789'
  '0123456789012345678901234567890123456789012345678901234567890123456789'
  '0123456789012345678901234567890123456789012345678901234567890123456789'
  '0123456789012345678901234567890', 1234562, 9223372036854775802);
insert into link_table7 values (9223372036854775807, 100, 1223372036854775803,
100, 9223372036854775807, 0,
'0123456789012345678901234567890123456789012345678901234567890123456789'
  '0123456789012345678901234567890123456789012345678901234567890123456789'
  '0123456789012345678901234567890123456789012345678901234567890123456789'
  '0123456789012345678901234567890', 1234563, 9223372036854775803);
SELECT /*+ bypass */ id1, id2, link_type, visibility, data, time, version
FROM link_table7 FORCE INDEX (id1_type)
WHERE link_type = 9223372036854775807  and id1 = 9223372036854775807
and visibility = 0 ORDER BY time ASC, id2 ASC limit 0, 1000;
id1	id2	link_type	visibility	data	time	version
9223372036854775807	9223372036854775801	9223372036854775807	0	data1	1234561	9223372036854775801
9223372036854775807	1223372036854775802	9223372036854775807	0	0123456789012345678901234567890123456789012345678901234567890123456789012345678901234567890123456789012345678901234567890123456789012345678901234567890123456789012345678901234567890123456789012345678901234567890123456789012345678901234567890	1234562	9223372036854775802
9223372036854775807	1223372036854775803	9223372036854775807	0	0123456789012345678901234567890123456789012345678901234567890123456789012345678901234567890123456789012345678901234567890123456789012345678901234567890123456789012345678901234567890123456789012345678901234567890123456789012345678901234567890	1234563	9223372036854775803
DROP TABLE link_table7;
CREATE TABLE `link_table8` (
`id1` bigint(20) unsigned NOT NULL DEFAULT '0' ,
`id1_type` int(10) unsigned NOT NULL DEFAULT '0' ,
`id2` bigint(20) unsigned NOT NULL DEFAULT '0' ,
`id2_type` int(10) unsigned NOT NULL DEFAULT '0' ,
`link_type` bigint(20) unsigned NOT NULL DEFAULT '0' ,
`visibility` tinyint(3) NOT NULL DEFAULT '0' ,
`data` varchar(255) COLLATE latin1_bin NOT NULL DEFAULT '' ,
`time` int(10) unsigned NOT NULL DEFAULT '0' ,
`version` bigint(20) unsigned NOT NULL DEFAULT '0' ,
PRIMARY KEY (`link_type` , `id1` , `id2`) COMMENT 'cf_link' ,
KEY `id1_type` (`id1`,`link_type`,`visibility`,`time`,`id2`,`version`,`data`)
COMMENT 'rev:cf_assoc_id1_type'
) ENGINE=ROCKSDB DEFAULT CHARSET=latin1 COLLATE=latin1_bin
ROW_FORMAT=COMPRESSED KEY_BLOCK_SIZE=8;
insert into link_table8 values (1, 0x03030303, 1, 0, 100, 0, 'data1', 0, 0);
SELECT /*+ bypass */ id1, id2, link_type, visibility, data, time, version
FROM link_table8 FORCE INDEX (PRIMARY) WHERE link_type = 100 and id1 = 1
ORDER BY id2 ASC limit 0, 1000;
id1	id2	link_type	visibility	data	time	version
1	1	100	0	data1	0	0
DROP TABLE link_table8;
# Establish connection con1 (user=root)
# Switch to connection con1
SHOW STATUS LIKE 'rows_%';
Variable_name	Value
Rows_examined	0
Rows_sent	0
SELECT /*+ bypass */ id1, id2, link_type, visibility, data, TIME, version
FROM link_table5 FORCE INDEX (PRIMARY)
WHERE link_type = 1 AND id1 = 1 AND visibility = 1
ORDER BY id2 ASC LIMIT 1;
id1	id2	link_type	visibility	data	TIME	version
1	2	1	1	data12	1	1
SHOW STATUS LIKE 'rows_%';
Variable_name	Value
Rows_examined	1
Rows_sent	1
# Switch back to default connection
select @@rocksdb_select_bypass_policy;
@@rocksdb_select_bypass_policy
opt_in
set global rocksdb_select_bypass_policy=@save_rocksdb_select_bypass_policy;
select @@rocksdb_select_bypass_policy;
@@rocksdb_select_bypass_policy
always_off
SELECT variable_value into @executed_end
FROM information_schema.global_status WHERE
variable_name="rocksdb_select_bypass_executed";
SELECT @executed_end-@executed_start AS ROCKSDB_SELECT_BYPASS_EXECUTED;
ROCKSDB_SELECT_BYPASS_EXECUTED
128
DROP TABLE count_table;
DROP TABLE link_table;
DROP TABLE link_table2;
DROP TABLE id_table;
DROP TABLE node_table;
DROP TABLE link_table5;
DROP TABLE link_table3;
DROP TABLE link_table6;
DROP TABLE link_table4;
