include/master-slave.inc
Warnings:
Note	####	Sending passwords in plain text without SSL/TLS is extremely insecure.
Note	####	Storing MySQL user name or password information in the master info repository is not secure and is therefore not recommended. Please consider using the USER and PASSWORD connection options for START SLAVE; see the 'START SLAVE Syntax' in the MySQL Manual for more information.
[connection master]
include/sync_slave_sql_with_master.inc
flush logs;
purge binary logs to 'binlog';
flush logs;
purge binary logs to 'binlog';
SET SESSION DEBUG="+d,allow_long_hlc_drift_for_tests";
SET @@global.minimum_hlc_ns = 2538630000000000000;
SET @@global.enable_binlog_hlc = true;
SET @@global.enable_binlog_hlc = true;
SET @@global.maximum_hlc_drift_ns = 2538630000000000000;
include/stop_slave.inc
Generate some txns in master instance
create table t1 (a int primary key, b char(8)) engine=Innodb;
create table t2 (a int primary key, b char(8)) engine=Innodb;
set @@session.autocommit= on;
insert into t1 values (1, 'a');
insert into t2 values (1, 'a');
set @@session.autocommit= off;
begin;
insert into t1 values (2, 'b');
insert into t1 values (3, 'c');
insert into t2 values (2, 'b');
insert into t2 values (3, 'c');
commit;
select * from t1;
a	b
1	a
2	b
3	c
select * from t2;
a	b
1	a
2	b
3	c
include/show_binlog_events.inc
Log_name	Pos	Event_type	Server_id	End_log_pos	Info
master-bin.000002	#	Metadata	#	#	HLC time: 2538630000000000001
master-bin.000002	#	Query	#	#	use `test`; create table t1 (a int primary key, b char(8)) engine=Innodb
master-bin.000002	#	Metadata	#	#	HLC time: 2538630000000000002
master-bin.000002	#	Query	#	#	use `test`; create table t2 (a int primary key, b char(8)) engine=Innodb
master-bin.000002	#	Metadata	#	#	HLC time: 2538630000000000003
master-bin.000002	#	Query	#	#	BEGIN
master-bin.000002	#	Table_map	#	#	table_id: # (test.t1)
master-bin.000002	#	Write_rows	#	#	table_id: # flags: STMT_END_F
master-bin.000002	#	Xid	#	#	COMMIT /* XID */
master-bin.000002	#	Metadata	#	#	HLC time: 2538630000000000004
master-bin.000002	#	Query	#	#	BEGIN
master-bin.000002	#	Table_map	#	#	table_id: # (test.t2)
master-bin.000002	#	Write_rows	#	#	table_id: # flags: STMT_END_F
master-bin.000002	#	Xid	#	#	COMMIT /* XID */
master-bin.000002	#	Metadata	#	#	HLC time: 2538630000000000005
master-bin.000002	#	Query	#	#	BEGIN
master-bin.000002	#	Table_map	#	#	table_id: # (test.t1)
master-bin.000002	#	Write_rows	#	#	table_id: # flags: STMT_END_F
master-bin.000002	#	Table_map	#	#	table_id: # (test.t1)
master-bin.000002	#	Write_rows	#	#	table_id: # flags: STMT_END_F
master-bin.000002	#	Table_map	#	#	table_id: # (test.t2)
master-bin.000002	#	Write_rows	#	#	table_id: # flags: STMT_END_F
master-bin.000002	#	Table_map	#	#	table_id: # (test.t2)
master-bin.000002	#	Write_rows	#	#	table_id: # flags: STMT_END_F
master-bin.000002	#	Xid	#	#	COMMIT /* XID */
Restoring t1 on slave through mysqlbinlog should carry HLC from the master instance
Now replay the dump on slave instance
include/diff_tables.inc [master:t1, slave:t1]
include/diff_tables.inc [master:t2, slave:t2]
select * from t1;
a	b
1	a
2	b
3	c
select * from t2;
a	b
1	a
2	b
3	c
HLC increases monotonically for txns generated on slave instance
create table t3 (a int primary key, b char(8)) engine=Innodb;
insert into t3 values (1, 'a');
insert into t3 values (2, 'b');
include/show_binlog_events.inc
Log_name	Pos	Event_type	Server_id	End_log_pos	Info
slave-bin.000003	#	Metadata	#	#	Prev HLC time: 0
slave-bin.000003	#	Metadata	#	#	HLC time: 2538630000000000006
slave-bin.000003	#	Query	#	#	use `test`; DROP TABLE IF EXISTS `t1` /* generated by server */
slave-bin.000003	#	Metadata	#	#	HLC time: 2538630000000000007
slave-bin.000003	#	Query	#	#	use `test`; CREATE TABLE `t1` (
  `a` int(11) NOT NULL,
  `b` char(8) DEFAULT NULL,
  PRIMARY KEY (`a`)
) ENGINE=InnoDB DEFAULT CHARSET=latin1
slave-bin.000003	#	Metadata	#	#	HLC time: 2538630000000000008
slave-bin.000003	#	Query	#	#	use `test`; /*!40000 ALTER TABLE `t1` DISABLE KEYS */
slave-bin.000003	#	Metadata	#	#	HLC time: 2538630000000000009
slave-bin.000003	#	Query	#	#	BEGIN
slave-bin.000003	#	Table_map	#	#	table_id: # (test.t1)
slave-bin.000003	#	Write_rows	#	#	table_id: # flags: STMT_END_F
slave-bin.000003	#	Xid	#	#	COMMIT /* XID */
slave-bin.000003	#	Metadata	#	#	HLC time: 2538630000000000010
slave-bin.000003	#	Query	#	#	use `test`; /*!40000 ALTER TABLE `t1` ENABLE KEYS */
slave-bin.000003	#	Metadata	#	#	HLC time: 2538630000000000011
slave-bin.000003	#	Query	#	#	use `test`; DROP TABLE IF EXISTS `t2` /* generated by server */
slave-bin.000003	#	Metadata	#	#	HLC time: 2538630000000000012
slave-bin.000003	#	Query	#	#	use `test`; CREATE TABLE `t2` (
  `a` int(11) NOT NULL,
  `b` char(8) DEFAULT NULL,
  PRIMARY KEY (`a`)
) ENGINE=InnoDB DEFAULT CHARSET=latin1
slave-bin.000003	#	Metadata	#	#	HLC time: 2538630000000000013
slave-bin.000003	#	Query	#	#	use `test`; /*!40000 ALTER TABLE `t2` DISABLE KEYS */
slave-bin.000003	#	Metadata	#	#	HLC time: 2538630000000000014
slave-bin.000003	#	Query	#	#	BEGIN
slave-bin.000003	#	Table_map	#	#	table_id: # (test.t2)
slave-bin.000003	#	Write_rows	#	#	table_id: # flags: STMT_END_F
slave-bin.000003	#	Xid	#	#	COMMIT /* XID */
slave-bin.000003	#	Metadata	#	#	HLC time: 2538630000000000015
slave-bin.000003	#	Query	#	#	use `test`; /*!40000 ALTER TABLE `t2` ENABLE KEYS */
slave-bin.000003	#	Metadata	#	#	HLC time: 2538630000000000016
slave-bin.000003	#	Query	#	#	use `test`; create table t3 (a int primary key, b char(8)) engine=Innodb
slave-bin.000003	#	Metadata	#	#	HLC time: 2538630000000000017
slave-bin.000003	#	Query	#	#	BEGIN
slave-bin.000003	#	Table_map	#	#	table_id: # (test.t3)
slave-bin.000003	#	Write_rows	#	#	table_id: # flags: STMT_END_F
slave-bin.000003	#	Xid	#	#	COMMIT /* XID */
slave-bin.000003	#	Metadata	#	#	HLC time: 2538630000000000018
slave-bin.000003	#	Query	#	#	BEGIN
slave-bin.000003	#	Table_map	#	#	table_id: # (test.t3)
slave-bin.000003	#	Write_rows	#	#	table_id: # flags: STMT_END_F
slave-bin.000003	#	Xid	#	#	COMMIT /* XID */
drop table t3;
include/start_slave.inc
drop table t1;
drop table t2;
flush logs;
SET @@global.minimum_hlc_ns = default;
SET @@global.enable_binlog_hlc = default;
include/sync_slave_sql_with_master.inc
SET @@global.minimum_hlc_ns = default;
SET @@global.enable_binlog_hlc = default;
SET @@global.maximum_hlc_drift_ns = default;
include/rpl_end.inc
