SET SESSION TRANSACTION ISOLATION LEVEL READ COMMITTED;
SET SESSION TRANSACTION ISOLATION LEVEL READ COMMITTED;
create table temp1 (a varchar(36) NOT NULL, b varchar(128) NOT NULL, c varchar(10240) NOT NULL);
insert into temp1 values  (1, 'b1', 'c1'), (2,'b2','c2'),(3,'b3','c3'),(4,'b4','c4'),(5,'b5','c5');
create table temp2 (a varchar(36) NOT NULL, b varchar(128) NOT NULL, c varchar(10240) NOT NULL);
insert into temp2 values (2,'b2','c2'),(3,'b3','c3'),(4,'b4','c4'),(5,'b5','c5');
CREATE TABLE extra (
id bigint(20) unsigned NOT NULL AUTO_INCREMENT,
a varchar(36) NOT NULL,
b varchar(128) NOT NULL,
c varchar(10240) NOT NULL,
PRIMARY KEY (id),
UNIQUE KEY uniq_idx (a,b)
) engine = innodb;
set DEBUG_SYNC = "ha_write_row_end WAIT_FOR flushed EXECUTE 1";
insert into extra(a, b, c) select * from temp1 on duplicate key update c=values(c);
insert into extra(a, b, c) select * from temp2 on duplicate key update c=values(c);
set DEBUG_SYNC = "now SIGNAL flushed";
select a, b, c from extra order by a;
a	b	c
1	b1	c1
2	b2	c2
3	b3	c3
4	b4	c4
5	b5	c5
drop table extra;
drop table temp2;
drop table temp1;
