DROP TABLE IF EXISTS tbl1;
DROP DATABASE IF EXISTS cus_test;
CREATE DATABASE cus_test;
USE cus_test;
CREATE TABLE tbl1 (
col1 INT(6) UNSIGNED AUTO_INCREMENT PRIMARY KEY,
col2 INT(6) NOT NULL,
col3 INT(6) NOT NULL,
col4 INT(6) NOT NULL
);
INSERT INTO tbl1 (col2, col3, col4) VALUES (2,3,4);
INSERT INTO tbl1 (col2, col3, col4) VALUES (3,4,5);
INSERT INTO tbl1 (col2, col3, col4) VALUES (4,5,6);
SET GLOBAL column_stats_control = ON;
SELECT col1, col3, SUM(col2) AS s FROM tbl1 WHERE col2 >= 3 GROUP BY col1, col3;
col1	col3	s
2	4	3
3	5	4
SELECT col4, SUM(col2) AS s FROM tbl1 WHERE col2 >= 3 GROUP BY col4;
col4	s
5	3
6	4
SELECT col3, SUM(col2) AS s FROM tbl1 WHERE col1 >= 1 GROUP BY col3 HAVING s > 4;
col3	s
SELECT col4, SUM(col2) AS s FROM tbl1 WHERE col2 >= 3 GROUP BY col5;
ERROR 42S22: Unknown column 'col5' in 'group statement'
SELECT col1, col2 FROM tbl1 WHERE col4 > 1 AND col3 IN (1,2,3) ORDER BY col1 ASC, col2 DESC;
col1	col2
1	2
SELECT COUNT(DISTINCT SQL_ID) FROM information_schema.COLUMN_STATISTICS;
COUNT(DISTINCT SQL_ID)
4
SELECT TABLE_SCHEMA, TABLE_NAME, COLUMN_NAME, SQL_OPERATION, OPERATOR_TYPE
FROM information_schema.COLUMN_STATISTICS;
TABLE_SCHEMA	TABLE_NAME	COLUMN_NAME	SQL_OPERATION	OPERATOR_TYPE
cus_test	tbl1	col1	FILTER	GREATER_THAN_EQUAL
cus_test	tbl1	col1	GROUP_BY	SORT_ASCENDING
cus_test	tbl1	col1	ORDER_BY	SORT_ASCENDING
cus_test	tbl1	col2	FILTER	GREATER_THAN_EQUAL
cus_test	tbl1	col2	FILTER	GREATER_THAN_EQUAL
cus_test	tbl1	col2	ORDER_BY	SORT_DESCENDING
cus_test	tbl1	col3	FILTER	SET_MEMBERSHIP
cus_test	tbl1	col3	GROUP_BY	SORT_ASCENDING
cus_test	tbl1	col3	GROUP_BY	SORT_ASCENDING
cus_test	tbl1	col4	FILTER	GREATER_THAN
cus_test	tbl1	col4	GROUP_BY	SORT_ASCENDING
set global column_stats_control = OFF_HARD;
DROP TABLE tbl1;
DROP DATABASE cus_test;
